t,count,mean_rate,m1_rate,m5_rate,m15_rate,rate_unit
1779195060,6539040,50195.957347,63422.821098,19559.114854,7007.920828,events/second
1779195061,6539040,49812.690747,63422.821098,19559.114854,7007.920828,events/second
1779195062,6539040,49435.491853,63422.821098,19559.114854,7007.920828,events/second
1779195063,6539040,49064.005990,63422.821098,19559.114854,7007.920828,events/second
1779195064,6539040,48697.866163,63422.821098,19559.114854,7007.920828,events/second
1779195065,6539040,48337.283752,58351.812311,19235.831121,6969.095882,events/second
1779195066,6539040,47982.176608,58351.812311,19235.831121,6969.095882,events/second
1779195067,6539040,47632.146022,58351.812311,19235.831121,6969.095882,events/second
1779195068,6539040,47287.224117,58351.812311,19235.831121,6969.095882,events/second
1779195069,6539040,46946.954111,58351.812311,19235.831121,6969.095882,events/second
1779195070,6539040,46611.861786,53686.259001,18917.890798,6930.486031,events/second
1779195071,6539040,46281.395728,53686.259001,18917.890798,6930.486031,events/second
1779195072,6539040,45955.408000,53686.259001,18917.890798,6930.486031,events/second
1779195073,6539040,45634.243071,53686.259001,18917.890798,6930.486031,events/second
1779195074,6539040,45317.350158,53686.259001,18917.890798,6930.486031,events/second
1779195075,6539040,45005.103499,49393.742736,18605.205567,6892.090085,events/second
1779195076,6539040,44696.919742,49393.742736,18605.205567,6892.090085,events/second
1779195077,6539040,44393.025063,49393.742736,18605.205567,6892.090085,events/second
1779195078,6539040,44093.260775,49393.742736,18605.205567,6892.090085,events/second
1779195079,6539040,43797.512248,49393.742736,18605.205567,6892.090085,events/second
1779195080,6539040,43505.642836,45444.437122,18297.688567,6853.906859,events/second
1779195081,6539040,43217.648646,45444.437122,18297.688567,6853.906859,events/second
1779195082,6539040,42933.444418,45444.437122,18297.688567,6853.906859,events/second
1779195083,6539040,42652.950193,45444.437122,18297.688567,6853.906859,events/second
1779195084,6539040,42376.155569,45444.437122,18297.688567,6853.906859,events/second
1779195085,6539040,42102.942931,41810.900550,17995.254377,6815.935173,events/second
1779195086,6539040,41833.276713,41810.900550,17995.254377,6815.935173,events/second
1779195087,6539040,41566.859470,41810.900550,17995.254377,6815.935173,events/second
1779195088,6539040,41303.758000,41810.900550,17995.254377,6815.935173,events/second
1779195089,6539040,41044.096972,41810.900550,17995.254377,6815.935173,events/second
1779195090,6539040,40787.694140,38467.885522,17697.818984,6778.173856,events/second
1779195091,6539040,40534.328342,38467.885522,17697.818984,6778.173856,events/second
1779195092,6539040,40284.298491,38467.885522,17697.818984,6778.173856,events/second
1779195093,6539040,40037.253828,38467.885522,17697.818984,6778.173856,events/second
1779195094,6539040,39793.243528,38467.885522,17697.818984,6778.173856,events/second
1779195095,6539040,39552.273830,35392.163217,17405.299766,6740.621743,events/second
1779195096,6539040,39314.098668,35392.163217,17405.299766,6740.621743,events/second
1779195097,6539040,39078.840558,35392.163217,17405.299766,6740.621743,events/second
1779195098,6539040,38846.359938,35392.163217,17405.299766,6740.621743,events/second
1779195099,6539040,38616.714127,35392.163217,17405.299766,6740.621743,events/second
1779195100,6539040,38389.620107,32562.362089,17117.615465,6703.277674,events/second
1779195101,6539040,38165.276742,32562.362089,17117.615465,6703.277674,events/second
1779195102,6539040,37943.534849,32562.362089,17117.615465,6703.277674,events/second
1779195103,6539040,37724.395118,32562.362089,17117.615465,6703.277674,events/second
1779195104,6539040,37507.736286,32562.362089,17117.615465,6703.277674,events/second
1779195105,6539040,37293.374560,29958.819367,16834.686167,6666.140497,events/second
1779195106,6539040,37081.622453,29958.819367,16834.686167,6666.140497,events/second
1779195107,6539040,36872.234599,29958.819367,16834.686167,6666.140497,events/second
1779195108,6539040,36665.185496,29958.819367,16834.686167,6666.140497,events/second
1779195109,6539040,36460.447991,29958.819367,16834.686167,6666.140497,events/second
1779195110,6539040,36258.029924,27563.444428,16556.433279,6629.209065,events/second
1779195111,6539040,36057.789575,27563.444428,16556.433279,6629.209065,events/second
1779195112,6539040,35859.797476,27563.444428,16556.433279,6629.209065,events/second
1779195113,6539040,35663.875270,27563.444428,16556.433279,6629.209065,events/second
1779195114,6539040,35470.015437,27563.444428,16556.433279,6629.209065,events/second
1779195115,6539040,35278.404849,25359.593094,16282.779507,6592.482239,events/second
1779195116,6539040,35088.843230,25359.593094,16282.779507,6592.482239,events/second
1779195117,6539040,34901.303913,25359.593094,16282.779507,6592.482239,events/second
1779195118,6539040,34715.719129,25359.593094,16282.779507,6592.482239,events/second
1779195119,6539040,34532.133010,25359.593094,16282.779507,6592.482239,events/second
1779195120,6539040,34350.496515,23331.951983,16013.648834,6555.958886,events/second
1779195121,6539040,34170.745615,23331.951983,16013.648834,6555.958886,events/second
1779195122,6539040,33992.826453,23331.951983,16013.648834,6555.958886,events/second
1779195123,6539040,33816.810785,23331.951983,16013.648834,6555.958886,events/second
1779195124,6539040,33642.567650,23331.951983,16013.648834,6555.958886,events/second
1779195125,6539040,33470.179058,21466.432104,15748.966500,6519.637877,events/second
1779195126,6539040,33299.457226,21466.432104,15748.966500,6519.637877,events/second
1779195127,6539040,33130.477896,21466.432104,15748.966500,6519.637877,events/second
1779195128,6539040,32963.271035,21466.432104,15748.966500,6519.637877,events/second
1779195129,6539040,32797.714442,21466.432104,15748.966500,6519.637877,events/second
1779195130,6539040,32633.835282,19750.070960,15488.658980,6483.518092,events/second
1779195131,6539040,32471.541402,19750.070960,15488.658980,6483.518092,events/second
1779195132,6539040,32310.809879,19750.070960,15488.658980,6483.518092,events/second
1779195133,6539040,32151.747578,19750.070960,15488.658980,6483.518092,events/second
1779195134,6539040,31994.232391,19750.070960,15488.658980,6483.518092,events/second
1779195135,6539040,31838.246059,18170.942475,15232.653965,6447.598416,events/second
1779195136,6539040,31683.716665,18170.942475,15232.653965,6447.598416,events/second
1779195137,6539040,31530.634090,18170.942475,15232.653965,6447.598416,events/second
1779195138,6539040,31379.130590,18170.942475,15232.653965,6447.598416,events/second
1779195139,6539040,31229.011232,18170.942475,15232.653965,6447.598416,events/second
1779195140,6539040,31080.273005,16718.074133,14980.880340,6411.877741,events/second
1779195141,6539040,30933.046833,16718.074133,14980.880340,6411.877741,events/second
1779195142,6539040,30787.188319,16718.074133,14980.880340,6411.877741,events/second
1779195143,6539040,30642.745239,16718.074133,14980.880340,6411.877741,events/second
1779195144,6539040,30499.576099,16718.074133,14980.880340,6411.877741,events/second
1779195145,6539040,30357.749912,15381.370729,14733.268168,6376.354964,events/second
1779195146,6539040,30217.168045,15381.370729,14733.268168,6376.354964,events/second
1779195147,6539040,30077.951063,15381.370729,14733.268168,6376.354964,events/second
1779195148,6539040,29939.319873,15381.370729,14733.268168,6376.354964,events/second
1779195149,6539040,29802.593824,15381.370729,14733.268168,6376.354964,events/second
1779195150,6539040,29667.180426,14151.544229,14489.748665,6341.028988,events/second
1779195151,6539040,29533.015518,14151.544229,14489.748665,6341.028988,events/second
1779195152,6539040,29400.027818,14151.544229,14489.748665,6341.028988,events/second
1779195153,6539040,29268.182716,14151.544229,14489.748665,6341.028988,events/second
1779195154,6539040,29137.584487,14151.544229,14489.748665,6341.028988,events/second
1779195155,6539040,29008.158829,13020.049226,14250.254185,6305.898724,events/second
1779195156,6539040,28879.852942,13020.049226,14250.254185,6305.898724,events/second
1779195157,6539040,28752.660518,13020.049226,14250.254185,6305.898724,events/second
1779195158,6539040,28626.602639,13020.049226,14250.254185,6305.898724,events/second
1779195159,6539040,28501.646960,13020.049226,14250.254185,6305.898724,events/second
1779195160,6539040,28377.711069,11979.023569,14014.718200,6270.963086,events/second
1779195161,6539040,28254.915535,11979.023569,14014.718200,6270.963086,events/second
1779195162,6539040,28133.204346,11979.023569,14014.718200,6270.963086,events/second
1779195163,6539040,28012.525498,11979.023569,14014.718200,6270.963086,events/second
1779195164,6539040,27892.829083,11979.023569,14014.718200,6270.963086,events/second
1779195165,6539040,27774.172244,11021.233727,13783.075283,6236.220998,events/second
1779195166,6539040,27656.440253,11021.233727,13783.075283,6236.220998,events/second
1779195167,6539040,27539.815546,11021.233727,13783.075283,6236.220998,events/second
1779195168,6539040,27424.162814,11021.233727,13783.075283,6236.220998,events/second
1779195169,6539040,27309.448607,11021.233727,13783.075283,6236.220998,events/second
1779195170,6539040,27195.692684,10140.024533,13555.261087,6201.671386,events/second
1779195171,6539040,27082.838376,10140.024533,13555.261087,6201.671386,events/second
1779195172,6539040,26970.943880,10140.024533,13555.261087,6201.671386,events/second
1779195173,6539040,26859.998757,10140.024533,13555.261087,6201.671386,events/second
1779195174,6539040,26749.982505,10140.024533,13555.261087,6201.671386,events/second
1779195175,6539040,26640.834238,9329.272936,13331.212328,6167.313183,events/second
1779195176,6539040,26532.594794,9329.272936,13331.212328,6167.313183,events/second
1779195177,6539040,26425.199119,9329.272936,13331.212328,6167.313183,events/second
1779195178,6539040,26318.622759,9329.272936,13331.212328,6167.313183,events/second
1779195179,6539040,26212.969216,9329.272936,13331.212328,6167.313183,events/second
1779195180,6539040,26108.172913,8583.345457,13110.866770,6133.145331,events/second
1779195181,6539040,26004.201224,8583.345457,13110.866770,6133.145331,events/second
1779195182,6539040,25901.059917,8583.345457,13110.866770,6133.145331,events/second
1779195183,6539040,25798.743206,8583.345457,13110.866770,6133.145331,events/second
1779195184,6539040,25697.208865,8583.345457,13110.866770,6133.145331,events/second
1779195185,6539040,25596.470420,7897.059047,12894.163203,6099.166774,events/second
1779195186,6539040,25496.525673,7897.059047,12894.163203,6099.166774,events/second
1779195187,6539040,25397.340342,7897.059047,12894.163203,6099.166774,events/second
1779195188,6539040,25298.949023,7897.059047,12894.163203,6099.166774,events/second
1779195189,6539040,25201.314627,7897.059047,12894.163203,6099.166774,events/second
1779195190,6539040,25104.405873,7265.645068,12681.041431,6065.376463,events/second
1779195191,6539040,25008.214620,7265.645068,12681.041431,6065.376463,events/second
1779195192,6539040,24912.770237,7265.645068,12681.041431,6065.376463,events/second
1779195193,6539040,24818.089672,7265.645068,12681.041431,6065.376463,events/second
1779195194,6539040,24724.073624,7265.645068,12681.041431,6065.376463,events/second
1779195195,6539040,24630.812512,6684.716163,12471.442252,6031.773355,events/second
1779195196,6539040,24538.247415,6684.716163,12471.442252,6031.773355,events/second
1779195197,6539040,24446.362408,6684.716163,12471.442252,6031.773355,events/second
1779195198,6539040,24355.183110,6684.716163,12471.442252,6031.773355,events/second
1779195199,6539040,24264.656089,6684.716163,12471.442252,6031.773355,events/second
1779195200,6539040,24174.799664,6150.235769,12265.307443,5998.356414,events/second
1779195201,6539040,24085.620779,6150.235769,12265.307443,5998.356414,events/second
1779195202,6539040,23997.082010,6150.235769,12265.307443,5998.356414,events/second
1779195203,6539040,23909.208535,6150.235769,12265.307443,5998.356414,events/second
1779195204,6539040,23821.979997,6150.235769,12265.307443,5998.356414,events/second
1779195205,6539040,23735.409998,5658.490068,12062.579742,5965.124608,events/second
1779195206,6539040,23649.466051,5658.490068,12062.579742,5965.124608,events/second
1779195207,6539040,23564.088789,5658.490068,12062.579742,5965.124608,events/second
1779195208,6539040,23479.367771,5658.490068,12062.579742,5965.124608,events/second
1779195209,6539040,23395.243144,5658.490068,12062.579742,5965.124608,events/second
1779195210,6539040,23311.722096,5206.062183,11863.202836,5932.076911,events/second
1779195211,6539040,23228.790398,5206.062183,11863.202836,5932.076911,events/second
1779195212,6539040,23146.473829,5206.062183,11863.202836,5932.076911,events/second
1779195213,6539040,23064.729800,5206.062183,11863.202836,5932.076911,events/second
1779195214,6539040,22983.526524,5206.062183,11863.202836,5932.076911,events/second
1779195215,6539040,22902.848828,4789.808433,11667.121340,5899.212303,events/second
1779195216,6539040,22822.788249,4789.808433,11667.121340,5899.212303,events/second
1779195217,6539040,22743.247018,4789.808433,11667.121340,5899.212303,events/second
1779195218,6539040,22664.310533,4789.808433,11667.121340,5899.212303,events/second
1779195219,6539040,22585.892629,4789.808433,11667.121340,5899.212303,events/second
1779195220,6539040,22507.992092,4406.836496,11474.280786,5866.529770,events/second
1779195221,6539040,22430.671567,4406.836496,11474.280786,5866.529770,events/second
1779195222,6539040,22353.871809,4406.836496,11474.280786,5866.529770,events/second
1779195223,6539040,22277.598079,4406.836496,11474.280786,5866.529770,events/second
1779195224,6539040,22201.867544,4406.836496,11474.280786,5866.529770,events/second
1779195225,6539040,22126.619699,4054.485305,11284.627606,5834.028304,events/second
1779195226,6539040,22051.859295,4054.485305,11284.627606,5834.028304,events/second
1779195227,6539040,21977.612069,4054.485305,11284.627606,5834.028304,events/second
1779195228,6539040,21903.890814,4054.485305,11284.627606,5834.028304,events/second
1779195229,6539040,21830.665211,4054.485305,11284.627606,5834.028304,events/second
1779195230,6539040,21757.914591,3730.306559,11098.109118,5801.706900,events/second
1779195231,6539040,21685.660826,3730.306559,11098.109118,5801.706900,events/second
1779195232,6539040,21613.889900,3730.306559,11098.109118,5801.706900,events/second
1779195233,6539040,21542.596088,3730.306559,11098.109118,5801.706900,events/second
1779195234,6539040,21471.747365,3730.306559,11098.109118,5801.706900,events/second
1779195235,6539040,21401.377188,3432.047714,10914.673509,5769.564562,events/second
1779195236,6539040,21331.474970,3432.047714,10914.673509,5769.564562,events/second
1779195237,6539040,21262.007457,3432.047714,10914.673509,5769.564562,events/second
1779195238,6539040,21193.005676,3432.047714,10914.673509,5769.564562,events/second
1779195239,6539040,21124.436707,3432.047714,10914.673509,5769.564562,events/second
1779195240,6539040,21056.276218,3157.636330,10734.269824,5737.600297,events/second
1779195241,6539040,20988.580097,3157.636330,10734.269824,5737.600297,events/second
1779195242,6539040,20921.336160,3157.636330,10734.269824,5737.600297,events/second
1779195243,6539040,20854.518801,3157.636330,10734.269824,5737.600297,events/second
1779195244,6539040,20788.140393,3157.636330,10734.269824,5737.600297,events/second
1779195245,6539040,20722.161091,2905.165669,10556.847949,5705.813120,events/second
1779195246,6539040,20656.612169,2905.165669,10556.847949,5705.813120,events/second
1779195247,6539040,20591.466425,2905.165669,10556.847949,5705.813120,events/second
1779195248,6539040,20526.749280,2905.165669,10556.847949,5705.813120,events/second
1779195249,6539040,20462.415734,2905.165669,10556.847949,5705.813120,events/second
1779195250,6539040,20398.501586,2672.881447,10382.358601,5674.202048,events/second
1779195251,6539040,20334.973499,2672.881447,10382.358601,5674.202048,events/second
1779195252,6539040,20271.841529,2672.881447,10382.358601,5674.202048,events/second
1779195253,6539040,20209.063428,2672.881447,10382.358601,5674.202048,events/second
1779195254,6539040,20146.717026,2672.881447,10382.358601,5674.202048,events/second
1779195255,6539040,20084.732858,2459.169647,10210.753307,5642.766106,events/second
1779195256,6539040,20023.126776,2459.169647,10210.753307,5642.766106,events/second
1779195257,6539040,19961.884338,2459.169647,10210.753307,5642.766106,events/second
1779195258,6539040,19901.056094,2459.169647,10210.753307,5642.766106,events/second
1779195259,6539040,19840.565062,2459.169647,10210.753307,5642.766106,events/second
1779195260,6539040,19780.473836,2262.545298,10041.984399,5611.504324,events/second
1779195261,6539040,19720.742352,2262.545298,10041.984399,5611.504324,events/second
1779195262,6539040,19661.356177,2262.545298,10041.984399,5611.504324,events/second
1779195263,6539040,19602.341311,2262.545298,10041.984399,5611.504324,events/second
1779195264,6539040,19543.664297,2262.545298,10041.984399,5611.504324,events/second
1779195265,6539040,19485.356924,2081.642164,9876.004997,5580.415737,events/second
1779195266,6539040,19427.393702,2081.642164,9876.004997,5580.415737,events/second
1779195267,6539040,19369.753926,2081.642164,9876.004997,5580.415737,events/second
1779195268,6539040,19312.457020,2081.642164,9876.004997,5580.415737,events/second
1779195269,6539040,19255.497837,2081.642164,9876.004997,5580.415737,events/second
1779195270,6539040,19198.889364,1915.203246,9712.768992,5549.499386,events/second
1779195271,6539040,19142.612081,1915.203246,9712.768992,5549.499386,events/second
1779195272,6539040,19086.669837,1915.203246,9712.768992,5549.499386,events/second
1779195273,6539040,19031.055359,1915.203246,9712.768992,5549.499386,events/second
1779195274,6539040,18975.735428,1915.203246,9712.768992,5549.499386,events/second
1779195275,6539040,18920.749955,1762.072050,9552.231041,5518.754316,events/second
1779195276,6539040,18866.086314,1762.072050,9552.231041,5518.754316,events/second
1779195277,6539040,18811.734486,1762.072050,9552.231041,5518.754316,events/second
1779195278,6539040,18757.698941,1762.072050,9552.231041,5518.754316,events/second
1779195279,6539040,18703.972151,1762.072050,9552.231041,5518.754316,events/second
1779195280,6539040,18650.565245,1621.184548,9394.346549,5488.179578,events/second
1779195281,6539040,18597.437167,1621.184548,9394.346549,5488.179578,events/second
1779195282,6539040,18544.614659,1621.184548,9394.346549,5488.179578,events/second
1779195283,6539040,18492.112561,1621.184548,9394.346549,5488.179578,events/second
1779195284,6539040,18439.880667,1621.184548,9394.346549,5488.179578,events/second
1779195285,6539040,18387.963849,1491.561788,9239.071658,5457.774229,events/second
1779195286,6539040,18336.322018,1491.561788,9239.071658,5457.774229,events/second
1779195287,6539040,18284.973208,1491.561788,9239.071658,5457.774229,events/second
1779195288,6539040,18233.919428,1491.561788,9239.071658,5457.774229,events/second
1779195289,6539040,18183.150651,1491.561788,9239.071658,5457.774229,events/second
1779195290,6539040,18132.667340,1372.303092,9086.363236,5427.537330,events/second
1779195291,6539040,18082.454651,1372.303092,9086.363236,5427.537330,events/second
1779195292,6539040,18032.512532,1372.303092,9086.363236,5427.537330,events/second
1779195293,6539040,17982.838839,1372.303092,9086.363236,5427.537330,events/second
1779195294,6539040,17933.458739,1372.303092,9086.363236,5427.537330,events/second
1779195295,6539040,17884.354891,1262.579795,8936.178862,5397.467948,events/second
1779195296,6539040,17835.508842,1262.579795,8936.178862,5397.467948,events/second
1779195297,6539040,17786.900570,1262.579795,8936.178862,5397.467948,events/second
1779195298,6539040,17738.593609,1262.579795,8936.178862,5397.467948,events/second
1779195299,6539040,17690.547775,1262.579795,8936.178862,5397.467948,events/second
1779195300,6539040,17642.758480,1161.629489,8788.476817,5367.565156,events/second
1779195301,6539040,17594.963692,1161.629489,8788.476817,5367.565156,events/second
1779195302,12058744,32359.956684,1161.629489,8788.476817,5367.565156,events/second
1779195303,12058744,32273.215162,1161.629489,8788.476817,5367.565156,events/second
1779195304,12058744,32186.960034,1161.629489,8788.476817,5367.565156,events/second
1779195305,12058744,32101.171142,89334.983601,26889.752563,11453.827854,events/second
1779195306,12058744,32015.810693,89334.983601,26889.752563,11453.827854,events/second
1779195307,12058744,31930.861337,89334.983601,26889.752563,11453.827854,events/second
1779195308,12058744,31846.402360,89334.983601,26889.752563,11453.827854,events/second
1779195309,12058744,31762.399399,89334.983601,26889.752563,11453.827854,events/second
1779195310,12058744,31678.784781,82192.152693,26445.304046,11390.371907,events/second
1779195311,12058744,31595.664357,82192.152693,26445.304046,11390.371907,events/second
1779195312,12058744,31512.955784,82192.152693,26445.304046,11390.371907,events/second
1779195313,12058744,31430.708413,82192.152693,26445.304046,11390.371907,events/second
1779195314,12058744,31348.857296,82192.152693,26445.304046,11390.371907,events/second
1779195315,12058744,31267.467100,75620.431012,26008.201617,11327.267515,events/second
1779195316,12058744,31186.469556,75620.431012,26008.201617,11327.267515,events/second
1779195317,12058744,31105.894492,75620.431012,26008.201617,11327.267515,events/second
1779195318,12058744,31025.745720,75620.431012,26008.201617,11327.267515,events/second
1779195319,12058744,30946.006557,75620.431012,26008.201617,11327.267515,events/second
1779195320,12058744,30866.694458,69574.155184,25578.323855,11264.512732,events/second
1779195321,12058744,30787.769616,69574.155184,25578.323855,11264.512732,events/second
1779195322,12058744,30709.260572,69574.155184,25578.323855,11264.512732,events/second
1779195323,12058744,30631.136558,69574.155184,25578.323855,11264.512732,events/second
1779195324,12058744,30553.408546,69574.155184,25578.323855,11264.512732,events/second
1779195325,12058744,30476.054177,64011.312880,25155.551348,11202.105619,events/second
1779195326,12058744,30399.093717,64011.312880,25155.551348,11202.105619,events/second
1779195327,12058744,30322.536776,64011.312880,25155.551348,11202.105619,events/second
1779195328,12058744,30246.359676,64011.312880,25155.551348,11202.105619,events/second
1779195329,12058744,30170.572880,64011.312880,25155.551348,11202.105619,events/second
1779195330,12058744,30095.146174,58893.250888,24739.766656,11140.044251,events/second
1779195331,12058744,30020.083474,58893.250888,24739.766656,11140.044251,events/second
1779195332,12058744,29945.422492,58893.250888,24739.766656,11140.044251,events/second
1779195333,12058744,29871.100213,58893.250888,24739.766656,11140.044251,events/second
1779195334,12058744,29797.176319,58893.250888,24739.766656,11140.044251,events/second
1779195335,12058744,29723.642046,54184.406539,24330.854280,11078.326713,events/second
1779195337,12058744,29650.440858,54184.406539,24330.854280,11078.326713,events/second
1779195338,12058744,29577.638972,54184.406539,24330.854280,11078.326713,events/second
1779195339,12058744,29505.154992,54184.406539,24330.854280,11078.326713,events/second
1779195340,12058744,29433.039977,54184.406539,24330.854280,11078.326713,events/second
1779195341,12058744,29361.258983,49852.060596,23928.700632,11016.951099,events/second
1779195342,12058744,29289.845448,49852.060596,23928.700632,11016.951099,events/second
1779195343,12058744,29218.757058,49852.060596,23928.700632,11016.951099,events/second
1779195344,12058744,29147.989468,49852.060596,23928.700632,11016.951099,events/second
1779195345,12058744,29077.598869,49852.060596,23928.700632,11016.951099,events/second
1779195346,12058744,29007.545458,45866.109909,23533.193999,10955.915515,events/second
1779195347,12058744,28937.842848,45866.109909,23533.193999,10955.915515,events/second
1779195348,12058744,28868.463507,45866.109909,23533.193999,10955.915515,events/second
1779195349,12058744,28799.424343,45866.109909,23533.193999,10955.915515,events/second
1779195350,12058744,28730.722123,45866.109909,23533.193999,10955.915515,events/second
1779195351,12058744,28662.327582,42198.858243,23144.224515,10895.218078,events/second
1779195352,12058744,28594.277102,42198.858243,23144.224515,10895.218078,events/second
1779195353,12058744,28526.563305,42198.858243,23144.224515,10895.218078,events/second
1779195354,12058744,28459.142139,42198.858243,23144.224515,10895.218078,events/second
1779195355,12058744,28392.036470,42198.858243,23144.224515,10895.218078,events/second
1779195356,12058744,28325.261048,38824.823830,22761.684131,10834.856914,events/second
1779195357,12058744,28258.789163,38824.823830,22761.684131,10834.856914,events/second
1779195358,12058744,28192.621154,38824.823830,22761.684131,10834.856914,events/second
1779195359,12058744,28126.758279,38824.823830,22761.684131,10834.856914,events/second
1779195360,12058744,28061.229284,38824.823830,22761.684131,10834.856914,events/second
1779195361,12058744,27995.969812,35720.562314,22385.466584,10774.830160,events/second
1779195362,12058744,27931.023590,35720.562314,22385.466584,10774.830160,events/second
1779195363,12058744,27866.402788,35720.562314,22385.466584,10774.830160,events/second
1779195364,12058744,27802.062969,35720.562314,22385.466584,10774.830160,events/second
1779195365,12058744,27738.027588,35720.562314,22385.466584,10774.830160,events/second
1779195366,12058744,27674.287361,32864.503844,22015.467366,10715.135963,events/second
1779195367,12058744,27610.825020,32864.503844,22015.467366,10715.135963,events/second
1779195368,12058744,27547.661786,32864.503844,22015.467366,10715.135963,events/second
1779195369,12058744,27484.802205,32864.503844,22015.467366,10715.135963,events/second
1779195370,12058744,27422.201396,32864.503844,22015.467366,10715.135963,events/second
1779195371,12058744,27359.895480,30236.803202,21651.583697,10655.772481,events/second
1779195372,12058744,27297.874433,30236.803202,21651.583697,10655.772481,events/second
1779195373,12058744,27236.127831,30236.803202,21651.583697,10655.772481,events/second
1779195374,12058744,27174.672495,30236.803202,21651.583697,10655.772481,events/second
1779195375,12058744,27113.488232,30236.803202,21651.583697,10655.772481,events/second
1779195376,12058744,27052.583212,27819.201902,21293.714496,10596.737882,events/second
1779195377,12058744,26991.966310,27819.201902,21293.714496,10596.737882,events/second
1779195378,12058744,26931.586961,27819.201902,21293.714496,10596.737882,events/second
1779195379,12058744,26871.468433,27819.201902,21293.714496,10596.737882,events/second
1779195380,12058744,26811.637120,27819.201902,21293.714496,10596.737882,events/second
1779195381,12058744,26752.034074,25594.901329,20941.760352,10538.030343,events/second
1779195382,12058744,26692.731487,25594.901329,20941.760352,10538.030343,events/second
1779195383,12058744,26633.688057,25594.901329,20941.760352,10538.030343,events/second
1779195384,12058744,26574.916475,25594.901329,20941.760352,10538.030343,events/second
1779195385,12058744,26516.393921,25594.901329,20941.760352,10538.030343,events/second
1779195386,12058744,26458.148666,23548.446011,20595.623499,10479.648054,events/second
1779195387,12058744,26400.136870,23548.446011,20595.623499,10479.648054,events/second
1779195388,12058744,26342.388292,23548.446011,20595.623499,10479.648054,events/second
1779195389,12058744,26284.875673,23548.446011,20595.623499,10479.648054,events/second
1779195390,12058744,26227.636754,23548.446011,20595.623499,10479.648054,events/second
1779195391,12058744,26170.628978,21665.616226,20255.207785,10421.589211,events/second
1779195392,12058744,26113.869641,21665.616226,20255.207785,10421.589211,events/second
1779195393,12058744,26057.371800,21665.616226,20255.207785,10421.589211,events/second
1779195394,12058744,26001.108139,21665.616226,20255.207785,10421.589211,events/second
1779195395,12058744,25945.081287,21665.616226,20255.207785,10421.589211,events/second
1779195396,12058744,25889.302762,19933.329198,19920.418648,10363.852022,events/second
1779195397,12058744,25833.764390,19933.329198,19920.418648,10363.852022,events/second
1779195398,12058744,25778.472730,19933.329198,19920.418648,10363.852022,events/second
1779195399,12058744,25723.414809,19933.329198,19920.418648,10363.852022,events/second
1779195400,12058744,25668.566059,19933.329198,19920.418648,10363.852022,events/second
1779195401,12058744,25613.960569,18339.548193,19591.163089,10306.434707,events/second
1779195402,12058744,25559.584673,18339.548193,19591.163089,10306.434707,events/second
1779195403,12058744,25505.466736,18339.548193,19591.163089,10306.434707,events/second
1779195404,12058744,25451.580548,18339.548193,19591.163089,10306.434707,events/second
1779195405,12058744,25397.884197,18339.548193,19591.163089,10306.434707,events/second
1779195406,12058744,25344.430878,16873.198882,19267.349645,10249.335492,events/second
1779195407,12058744,25291.190233,16873.198882,19267.349645,10249.335492,events/second
1779195408,12058744,25238.196169,16873.198882,19267.349645,10249.335492,events/second
1779195409,12058744,25185.402561,16873.198882,19267.349645,10249.335492,events/second
1779195410,12058744,25132.833312,16873.198882,19267.349645,10249.335492,events/second
1779195411,12058744,25080.506501,15524.092388,18948.888366,10192.552616,events/second
1779195412,12058744,25028.368981,15524.092388,18948.888366,10192.552616,events/second
1779195413,12058744,24976.458769,15524.092388,18948.888366,10192.552616,events/second
1779195414,12058744,24924.762531,15524.092388,18948.888366,10192.552616,events/second
1779195415,12058744,24873.271710,15524.092388,18948.888366,10192.552616,events/second
1779195416,12058744,24822.000645,14282.854494,18635.690790,10136.084325,events/second
1779195417,12058744,24770.938359,14282.854494,18635.690790,10136.084325,events/second
1779195418,12058744,24720.092038,14282.854494,18635.690790,10136.084325,events/second
1779195419,12058744,24669.455096,14282.854494,18635.690790,10136.084325,events/second
1779195420,12058744,24619.026908,14282.854494,18635.690790,10136.084325,events/second
1779195421,12058744,24568.788710,13140.860502,18327.669914,10079.928877,events/second
1779195422,12058744,24518.759775,13140.860502,18327.669914,10079.928877,events/second
1779195423,12058744,24468.942739,13140.860502,18327.669914,10079.928877,events/second
1779195424,12058744,24419.330127,13140.860502,18327.669914,10079.928877,events/second
1779195425,12058744,24369.910192,13140.860502,18327.669914,10079.928877,events/second
1779195426,12058744,24320.692132,12090.175309,18024.740176,10024.084539,events/second
1779195427,12058744,24271.671996,12090.175309,18024.740176,10024.084539,events/second
1779195428,12058744,24222.860894,12090.175309,18024.740176,10024.084539,events/second
1779195429,12058744,24174.224990,12090.175309,18024.740176,10024.084539,events/second
1779195430,12058744,24125.787961,12090.175309,18024.740176,10024.084539,events/second
1779195431,12058744,24077.559045,11123.498265,17726.817425,9968.549587,events/second
1779195432,12058744,24029.501680,11123.498265,17726.817425,9968.549587,events/second
1779195433,12058744,23981.642973,11123.498265,17726.817425,9968.549587,events/second
1779195434,12058744,23933.971292,11123.498265,17726.817425,9968.549587,events/second
1779195435,12058744,23886.497916,11123.498265,17726.817425,9968.549587,events/second
1779195436,12058744,23839.221053,10234.112449,17433.818905,9913.322307,events/second
1779195437,12058744,23792.124276,10234.112449,17433.818905,9913.322307,events/second
1779195438,12058744,23745.216555,10234.112449,17433.818905,9913.322307,events/second
1779195439,12058744,23698.475481,10234.112449,17433.818905,9913.322307,events/second
1779195440,12058744,23651.930466,10234.112449,17433.818905,9913.322307,events/second
1779195441,12058744,23605.558611,9415.837998,17145.663224,9858.400995,events/second
1779195442,12058744,23559.384307,9415.837998,17145.663224,9858.400995,events/second
1779195443,12058744,23513.382968,9415.837998,17145.663224,9858.400995,events/second
1779195444,12058744,23467.557868,9415.837998,17145.663224,9858.400995,events/second
1779195445,12058744,23421.920447,9415.837998,17145.663224,9858.400995,events/second
1779195446,12058744,23376.452702,8662.989159,16862.270338,9803.783955,events/second
1779195447,12058744,23331.160754,8662.989159,16862.270338,9803.783955,events/second
1779195448,12058744,23286.058473,8662.989159,16862.270338,9803.783955,events/second
1779195449,12058744,23241.104123,8662.989159,16862.270338,9803.783955,events/second
1779195450,12058744,23196.338480,8662.989159,16862.270338,9803.783955,events/second
1779195451,12058744,23151.730005,7970.334790,16583.561524,9749.469502,events/second
1779195452,12058744,23107.301286,7970.334790,16583.561524,9749.469502,events/second
1779195453,12058744,23063.053943,7970.334790,16583.561524,9749.469502,events/second
1779195454,12058744,23018.960515,7970.334790,16583.561524,9749.469502,events/second
1779195455,12058744,22975.043045,7970.334790,16583.561524,9749.469502,events/second
1779195456,12058744,22931.304346,7333.062006,16309.459361,9695.455959,events/second
1779195457,12058744,22887.720910,7333.062006,16309.459361,9695.455959,events/second
1779195458,12058744,22844.301037,7333.062006,16309.459361,9695.455959,events/second
1779195459,12058744,22801.045780,7333.062006,16309.459361,9695.455959,events/second
1779195460,12058744,22757.950837,7333.062006,16309.459361,9695.455959,events/second
1779195461,12058744,22715.027984,6746.742741,16039.887709,9641.741659,events/second
1779195462,12058744,22672.253757,6746.742741,16039.887709,9641.741659,events/second
1779195463,12058744,22629.658408,6746.742741,16039.887709,9641.741659,events/second
1779195464,12058744,22587.227574,6746.742741,16039.887709,9641.741659,events/second
1779195465,12058744,22544.783118,6746.742741,16039.887709,9641.741659,events/second
1779195466,12058744,22502.651752,6207.302976,15774.771684,9588.324945,events/second
1779195467,12058744,22460.680479,6207.302976,15774.771684,9588.324945,events/second
1779195468,12058744,22418.871914,6207.302976,15774.771684,9588.324945,events/second
1779195469,12058744,22377.205576,6207.302976,15774.771684,9588.324945,events/second
1779195470,12058744,22335.700418,6207.302976,15774.771684,9588.324945,events/second
1779195471,12058744,22294.359422,5710.994433,15514.037642,9535.204167,events/second
1779195472,12058744,22253.150725,5710.994433,15514.037642,9535.204167,events/second
1779195473,12058744,22212.104358,5710.994433,15514.037642,9535.204167,events/second
1779195474,12058744,22171.202249,5710.994433,15514.037642,9535.204167,events/second
1779195475,12058744,22130.456541,5710.994433,15514.037642,9535.204167,events/second
1779195476,12058744,22089.852665,5254.368530,15257.613155,9482.377687,events/second
1779195477,12058744,22049.410557,5254.368530,15257.613155,9482.377687,events/second
1779195478,12058744,22009.080114,5254.368530,15257.613155,9482.377687,events/second
1779195479,12058744,21968.919242,5254.368530,15257.613155,9482.377687,events/second
1779195480,12058744,21928.922438,5254.368530,15257.613155,9482.377687,events/second
1779195481,12058744,21889.059412,4834.252418,15005.426991,9429.843873,events/second
1779195482,12058744,21849.352554,4834.252418,15005.426991,9429.843873,events/second
1779195483,12058744,21809.770631,4834.252418,15005.426991,9429.843873,events/second
1779195484,12058744,21770.342025,4834.252418,15005.426991,9429.843873,events/second
1779195485,12058744,21731.064027,4834.252418,15005.426991,9429.843873,events/second
1779195486,12058744,21691.923543,4447.726936,14757.409098,9377.601105,events/second
1779195487,12058744,21652.936501,4447.726936,14757.409098,9377.601105,events/second
1779195488,12058744,21614.086276,4447.726936,14757.409098,9377.601105,events/second
1779195489,12058744,21575.366344,4447.726936,14757.409098,9377.601105,events/second
1779195490,12058744,21536.776222,4447.726936,14757.409098,9377.601105,events/second
1779195491,12058744,21498.329565,4092.106325,14513.490580,9325.647769,events/second
1779195492,12058744,21460.032013,4092.106325,14513.490580,9325.647769,events/second
1779195493,12058744,21421.843286,4092.106325,14513.490580,9325.647769,events/second
1779195494,12058744,21383.805061,4092.106325,14513.490580,9325.647769,events/second
1779195495,12058744,21345.897043,4092.106325,14513.490580,9325.647769,events/second
1779195496,12058744,21308.120160,3764.919569,14273.603681,9273.982263,events/second
1779195497,12058744,21270.483148,3764.919569,14273.603681,9273.982263,events/second
1779195498,12058744,21232.971716,3764.919569,14273.603681,9273.982263,events/second
1779195499,12058744,21195.598562,3764.919569,14273.603681,9273.982263,events/second
1779195500,12058744,21158.361081,3764.919569,14273.603681,9273.982263,events/second
1779195501,12058744,21121.245380,3463.893221,14037.681764,9222.602992,events/second
1779195502,12058744,21084.262722,3463.893221,14037.681764,9222.602992,events/second
1779195503,12058744,21047.422457,3463.893221,14037.681764,9222.602992,events/second
1779195504,12058744,21010.698146,3463.893221,14037.681764,9222.602992,events/second
1779195505,12058744,20974.093139,3463.893221,14037.681764,9222.602992,events/second
1779195506,12058744,20937.623169,3186.935611,13805.659292,9171.508370,events/second
1779195507,12058744,20901.288799,3186.935611,13805.659292,9171.508370,events/second
1779195508,12058744,20865.063292,3186.935611,13805.659292,9171.508370,events/second
1779195509,12058744,20828.949502,3186.935611,13805.659292,9171.508370,events/second
1779195510,12058744,20792.985593,3186.935611,13805.659292,9171.508370,events/second
1779195511,12058744,20757.148724,2932.122308,13577.471815,9120.696819,events/second
1779195512,12058744,20721.431234,2932.122308,13577.471815,9120.696819,events/second
1779195513,12058744,20685.830536,2932.122308,13577.471815,9120.696819,events/second
1779195514,12058744,20650.362351,2932.122308,13577.471815,9120.696819,events/second
1779195515,12058744,20614.999356,2932.122308,13577.471815,9120.696819,events/second
1779195516,12058744,20579.777544,2697.682753,13353.055945,9070.166772,events/second
1779195517,12058744,20544.667334,2697.682753,13353.055945,9070.166772,events/second
1779195518,12058744,20509.673724,2697.682753,13353.055945,9070.166772,events/second
1779195519,12058744,20474.796949,2697.682753,13353.055945,9070.166772,events/second
1779195520,12058744,20440.053530,2697.682753,13353.055945,9070.166772,events/second
1779195521,12058744,20405.416887,2481.987949,13132.349343,9019.916670,events/second
1779195522,12058744,20370.897993,2481.987949,13132.349343,9019.916670,events/second
1779195523,12058744,20336.504583,2481.987949,13132.349343,9019.916670,events/second
1779195524,12058744,20302.228857,2481.987949,13132.349343,9019.916670,events/second
1779195525,12058744,20268.055064,2481.987949,13132.349343,9019.916670,events/second
1779195526,12058744,20233.978983,2283.539150,12915.290701,8969.944961,events/second
1779195527,12058744,20200.041685,2283.539150,12915.290701,8969.944961,events/second
1779195528,12058744,20166.211891,2283.539150,12915.290701,8969.944961,events/second
1779195529,12058744,20132.492139,2283.539150,12915.290701,8969.944961,events/second
1779195530,12058744,20098.882344,2283.539150,12915.290701,8969.944961,events/second
1779195531,12058744,20065.389706,2100.957440,12701.819722,8920.250102,events/second
1779195532,12058744,20032.014430,2100.957440,12701.819722,8920.250102,events/second
1779195533,12058744,19998.749171,2100.957440,12701.819722,8920.250102,events/second
1779195534,12058744,19965.592226,2100.957440,12701.819722,8920.250102,events/second
1779195535,12058744,19932.545992,2100.957440,12701.819722,8920.250102,events/second
1779195536,12058744,19899.604914,1932.974158,12491.877108,8870.830561,events/second
1779195537,12058744,19866.771165,1932.974158,12491.877108,8870.830561,events/second
1779195538,12058744,19834.047816,1932.974158,12491.877108,8870.830561,events/second
1779195539,12058744,19801.431628,1932.974158,12491.877108,8870.830561,events/second
1779195540,12058744,19768.925123,1932.974158,12491.877108,8870.830561,events/second
1779195541,12058744,19736.528606,1778.422078,12285.404541,8821.684811,events/second
1779195542,12058744,19704.230231,1778.422078,12285.404541,8821.684811,events/second
1779195543,12058744,19672.039201,1778.422078,12285.404541,8821.684811,events/second
1779195544,12058744,19639.959017,1778.422078,12285.404541,8821.684811,events/second
1779195545,12058744,19607.981000,1778.422078,12285.404541,8821.684811,events/second
1779195546,12058744,19576.101907,1636.227300,12082.344664,8772.811336,events/second
1779195547,12058744,19544.332375,1636.227300,12082.344664,8772.811336,events/second
1779195548,12058744,19512.666469,1636.227300,12082.344664,8772.811336,events/second
1779195549,12058744,19481.105289,1636.227300,12082.344664,8772.811336,events/second
1779195550,12058744,19449.643828,1636.227300,12082.344664,8772.811336,events/second
1779195551,12058744,19418.279929,1505.401788,11882.641073,8724.208628,events/second
1779195552,12058744,19387.009473,1505.401788,11882.641073,8724.208628,events/second
1779195553,12058744,19355.841929,1505.401788,11882.641073,8724.208628,events/second
1779195554,12058744,19324.784234,1505.401788,11882.641073,8724.208628,events/second
1779195555,12058744,19293.827494,1385.036507,11686.238291,8675.875186,events/second
1779195556,12058744,19262.958341,1385.036507,11686.238291,8675.875186,events/second
1779195557,12058744,19232.191180,1385.036507,11686.238291,8675.875186,events/second
1779195558,12058744,19201.528091,1385.036507,11686.238291,8675.875186,events/second
1779195559,12058744,19170.957003,1385.036507,11686.238291,8675.875186,events/second
1779195560,12058744,19140.484047,1274.295102,11493.081762,8627.809519,events/second
1779195561,12058744,19110.111879,1274.295102,11493.081762,8627.809519,events/second
1779195562,12058744,19079.832003,1274.295102,11493.081762,8627.809519,events/second
1779195563,12058744,19049.655946,1274.295102,11493.081762,8627.809519,events/second
1779195564,12058744,19019.571882,1274.295102,11493.081762,8627.809519,events/second
1779195565,12058744,18989.569541,1172.408092,11303.117829,8580.010143,events/second
1779195566,12058744,18959.669670,1172.408092,11303.117829,8580.010143,events/second
1779195567,12058744,18929.856835,1172.408092,11303.117829,8580.010143,events/second
1779195568,12058744,18900.126010,1172.408092,11303.117829,8580.010143,events/second
1779195569,12058744,18870.509343,1172.408092,11303.117829,8580.010143,events/second
1779195570,12058744,18840.973248,1078.667516,11116.293724,8532.475583,events/second
1779195571,12058744,18811.543394,1078.667516,11116.293724,8532.475583,events/second
1779195572,12058744,18782.185825,1078.667516,11116.293724,8532.475583,events/second
1779195573,12058744,18752.945299,1078.667516,11116.293724,8532.475583,events/second
1779195574,12058744,18723.776936,1078.667516,11116.293724,8532.475583,events/second
1779195575,12058744,18694.701883,992.422024,10932.557550,8485.204371,events/second
1779195576,12058744,18665.729806,992.422024,10932.557550,8485.204371,events/second
1779195577,12058744,18636.838140,992.422024,10932.557550,8485.204371,events/second
1779195578,12058744,18608.046349,992.422024,10932.557550,8485.204371,events/second
1779195579,12058744,18579.335786,992.422024,10932.557550,8485.204371,events/second
1779195580,12058744,18550.716880,913.072340,10751.858268,8438.195049,events/second
1779195581,12058744,18522.175147,913.072340,10751.858268,8438.195049,events/second
1779195582,12058744,18493.732458,913.072340,10751.858268,8438.195049,events/second
1779195583,12058744,18465.377896,913.072340,10751.858268,8438.195049,events/second
1779195584,12058744,18437.103576,913.072340,10751.858268,8438.195049,events/second
1779195585,12058744,18408.915445,840.067106,10574.145682,8391.446166,events/second
1779195586,12058744,18380.821327,840.067106,10574.145682,8391.446166,events/second
1779195587,12058744,18352.811731,840.067106,10574.145682,8391.446166,events/second
1779195588,12058744,18324.876833,840.067106,10574.145682,8391.446166,events/second
1779195589,12058744,18297.032904,840.067106,10574.145682,8391.446166,events/second
1779195590,12058744,18269.274087,772.899049,10399.370427,8344.956279,events/second
1779195591,12058744,18241.596738,772.899049,10399.370427,8344.956279,events/second
1779195592,12058744,18214.013409,772.899049,10399.370427,8344.956279,events/second
1779195593,12058744,18186.502635,772.899049,10399.370427,8344.956279,events/second
1779195594,12058744,18159.081048,772.899049,10399.370427,8344.956279,events/second
1779195595,12058744,18131.740326,711.101453,10227.483952,8298.723953,events/second
1779195596,12058744,18104.479493,711.101453,10227.483952,8298.723953,events/second
1779195597,12058744,18077.295126,711.101453,10227.483952,8298.723953,events/second
1779195598,12058744,18050.194057,711.101453,10227.483952,8298.723953,events/second
1779195599,12058744,18023.182784,711.101453,10227.483952,8298.723953,events/second
1779195600,12058744,17996.245748,654.244920,10058.438511,8252.747761,events/second
1779195601,12058744,17969.391390,654.244920,10058.438511,8252.747761,events/second
1779195602,12058744,17942.621284,654.244920,10058.438511,8252.747761,events/second
1779195603,12058744,17915.927579,654.244920,10058.438511,8252.747761,events/second
1779195604,12058744,17889.307616,654.244920,10058.438511,8252.747761,events/second
1779195605,12058744,17862.776021,601.934385,9892.187146,8207.026284,events/second
1779195606,12058744,17836.313143,601.934385,9892.187146,8207.026284,events/second
1779195607,12058744,17809.938207,601.934385,9892.187146,8207.026284,events/second
1779195608,12058744,17783.635685,601.934385,9892.187146,8207.026284,events/second
1779195609,12058744,17757.407473,601.934385,9892.187146,8207.026284,events/second
1779195610,12058744,17731.263191,553.806369,9728.683674,8161.558110,events/second
1779195611,12058744,17705.198464,553.806369,9728.683674,8161.558110,events/second
1779195612,12058744,17679.206791,553.806369,9728.683674,8161.558110,events/second
1779195613,12058744,17653.281671,553.806369,9728.683674,8161.558110,events/second
1779195614,12058744,17627.439802,553.806369,9728.683674,8161.558110,events/second
1779195615,12058744,17601.675115,509.526456,9567.882677,8116.341838,events/second
1779195616,12058744,17575.990486,509.526456,9567.882677,8116.341838,events/second
1779195617,12058744,17550.371259,509.526456,9567.882677,8116.341838,events/second
1779195618,12058744,17524.835567,509.526456,9567.882677,8116.341838,events/second
1779195619,12058744,17499.362987,509.526456,9567.882677,8116.341838,events/second
1779195620,12058744,17473.968433,468.786970,9409.739486,8071.376071,events/second
1779195621,12058744,17448.570667,468.786970,9409.739486,8071.376071,events/second
1779195622,12058744,17423.330542,468.786970,9409.739486,8071.376071,events/second
1779195623,12058744,17398.154975,468.786970,9409.739486,8071.376071,events/second
1779195624,12058744,17373.060701,468.786970,9409.739486,8071.376071,events/second
1779195625,12058744,17348.030318,431.304834,9254.210172,8026.659420,events/second
1779195626,12058744,17323.073947,431.304834,9254.210172,8026.659420,events/second
1779195627,12058744,17298.181330,431.304834,9254.210172,8026.659420,events/second
1779195628,12058744,17273.373294,431.304834,9254.210172,8026.659420,events/second
1779195629,12058744,17248.630478,431.304834,9254.210172,8026.659420,events/second
1779195630,12058744,17223.958255,396.819603,9101.251532,7982.190507,events/second
1779195631,12058744,17199.361343,396.819603,9101.251532,7982.190507,events/second
1779195632,12058744,17174.827064,396.819603,9101.251532,7982.190507,events/second
1779195633,12058744,17150.367518,396.819603,9101.251532,7982.190507,events/second
1779195634,12058744,17125.983383,396.819603,9101.251532,7982.190507,events/second
1779195635,12058744,17101.664952,365.091659,8950.821076,7937.967959,events/second
1779195636,12058744,17077.404466,365.091659,8950.821076,7937.967959,events/second
1779195637,12058744,17053.219823,365.091659,8950.821076,7937.967959,events/second
1779195638,12058744,17029.101677,365.091659,8950.821076,7937.967959,events/second
1779195639,12058744,17005.054816,365.091659,8950.821076,7937.967959,events/second
1779195640,12058744,16981.074556,335.900542,8802.877016,7893.990409,events/second
1779195641,12058744,16957.164697,335.900542,8802.877016,7893.990409,events/second
1779195642,12058744,16933.327433,335.900542,8802.877016,7893.990409,events/second
1779195643,12058744,16909.557305,335.900542,8802.877016,7893.990409,events/second
1779195644,12058744,16885.835097,335.900542,8802.877016,7893.990409,events/second
1779195645,12058744,16862.183377,309.043418,8657.378257,7850.256503,events/second
1779195646,12058744,16838.607009,309.043418,8657.378257,7850.256503,events/second
1779195647,12058744,16815.098387,309.043418,8657.378257,7850.256503,events/second
1779195648,12058744,16791.648528,309.043418,8657.378257,7850.256503,events/second
1779195649,12058744,16768.270046,309.043418,8657.378257,7850.256503,events/second
1779195650,12058744,16744.958217,284.333670,8514.284381,7806.764889,events/second
1779195651,12058744,16721.698286,284.333670,8514.284381,7806.764889,events/second
1779195652,12058744,16698.513299,284.333670,8514.284381,7806.764889,events/second
1779195653,12058744,16675.384405,284.333670,8514.284381,7806.764889,events/second
1779195654,12058744,16652.325890,284.333670,8514.284381,7806.764889,events/second
1779195655,12058744,16629.334561,261.599605,8373.555638,7763.514224,events/second
1779195656,12058744,16606.401747,261.599605,8373.555638,7763.514224,events/second
1779195657,12058744,16583.525476,261.599605,8373.555638,7763.514224,events/second
1779195658,12058744,16560.721023,261.599605,8373.555638,7763.514224,events/second
1779195659,12058744,16537.982081,261.599605,8373.555638,7763.514224,events/second
1779195660,12058744,16515.299106,240.683256,8235.152937,7720.503176,events/second
1779195661,12058744,16492.682850,240.683256,8235.152937,7720.503176,events/second
1779195662,12058744,16470.133555,240.683256,8235.152937,7720.503176,events/second
1779195663,12058744,16447.626760,240.683256,8235.152937,7720.503176,events/second
1779195664,12058744,16425.187206,240.683256,8235.152937,7720.503176,events/second
1779195665,12058744,16402.810982,221.439285,8099.037832,7677.730415,events/second
1779195666,12058744,16380.482077,221.439285,8099.037832,7677.730415,events/second
1779195667,12058744,16358.229143,221.439285,8099.037832,7677.730415,events/second
1779195668,12058744,16336.038146,221.439285,8099.037832,7677.730415,events/second
1779195669,12058744,16313.904846,221.439285,8099.037832,7677.730415,events/second
1779195670,12058744,16291.830974,203.733977,7965.172511,7635.194621,events/second
1779195671,12058744,16269.820042,203.733977,7965.172511,7635.194621,events/second
1779195672,12058744,16247.865194,203.733977,7965.172511,7635.194621,events/second
1779195673,12058744,16225.975257,203.733977,7965.172511,7635.194621,events/second
1779195674,12058744,16204.142403,203.733977,7965.172511,7635.194621,events/second
1779195675,12058744,16182.369476,187.444308,7833.519789,7592.894482,events/second
1779195676,12058744,16160.650000,187.444308,7833.519789,7592.894482,events/second
1779195677,12058744,16138.990578,187.444308,7833.519789,7592.894482,events/second
1779195678,12058744,16117.391324,187.444308,7833.519789,7592.894482,events/second
1779195679,12058744,16095.846097,187.444308,7833.519789,7592.894482,events/second
1779195680,12058744,16074.361117,172.457089,7704.043096,7550.828693,events/second
1779195681,12058744,16052.932407,172.457089,7704.043096,7550.828693,events/second
1779195682,12058744,16031.559503,172.457089,7704.043096,7550.828693,events/second
1779195683,12058744,16010.247878,172.457089,7704.043096,7550.828693,events/second
1779195684,12058744,15988.995697,172.457089,7704.043096,7550.828693,events/second
1779195685,12058744,15967.787441,158.668181,7576.706464,7508.995954,events/second
1779195686,12058744,15946.646759,158.668181,7576.706464,7508.995954,events/second
1779195687,12058744,15925.548218,158.668181,7576.706464,7508.995954,events/second
1779195688,12058744,15904.501155,158.668181,7576.706464,7508.995954,events/second
1779195689,12058744,15883.526840,158.668181,7576.706464,7508.995954,events/second
1779195690,12058744,15862.599504,145.981774,7451.474521,7467.394975,events/second
1779195691,12058744,15841.732471,145.981774,7451.474521,7467.394975,events/second
1779195692,12058744,15820.924463,145.981774,7451.474521,7467.394975,events/second
1779195693,12058744,15800.173437,145.981774,7451.474521,7467.394975,events/second
1779195694,12058744,15779.474942,145.981774,7451.474521,7467.394975,events/second
1779195695,12058744,15758.830741,134.309716,7328.312480,7426.024472,events/second
1779195696,12058744,15738.232337,134.309716,7328.312480,7426.024472,events/second
1779195697,12058744,15717.689747,134.309716,7328.312480,7426.024472,events/second
1779195698,12058744,15697.206683,134.309716,7328.312480,7426.024472,events/second
1779195699,12058744,15676.766967,134.309716,7328.312480,7426.024472,events/second
1779195700,12058744,15656.373587,123.570904,7207.186129,7384.883168,events/second
1779195701,12058744,15636.051116,123.570904,7207.186129,7384.883168,events/second
1779195702,12058744,15615.780171,123.570904,7207.186129,7384.883168,events/second
1779195703,12058744,15595.564309,123.570904,7207.186129,7384.883168,events/second
1779195704,12058744,15575.384700,123.570904,7207.186129,7384.883168,events/second
1779195705,12058744,15555.267420,113.690720,7088.061820,7343.969793,events/second
1779195706,12058744,15535.202303,113.690720,7088.061820,7343.969793,events/second
1779195707,12058744,15515.184569,113.690720,7088.061820,7343.969793,events/second
1779195708,12058744,15495.215144,113.690720,7088.061820,7343.969793,events/second
1779195709,12058744,15475.307343,113.690720,7088.061820,7343.969793,events/second
1779195710,12058744,15455.442930,104.600512,6970.906463,7303.283084,events/second
1779195711,12058744,15435.630957,104.600512,6970.906463,7303.283084,events/second
1779195712,12058744,15415.874228,104.600512,6970.906463,7303.283084,events/second
1779195713,12058744,15396.165299,104.600512,6970.906463,7303.283084,events/second
1779195714,12058744,15376.503740,104.600512,6970.906463,7303.283084,events/second
1779195715,12058744,15356.896821,96.237117,6855.687514,7262.821785,events/second
1779195716,12058744,15337.345431,96.237117,6855.687514,7262.821785,events/second
1779195717,12058744,15317.836454,96.237117,6855.687514,7262.821785,events/second
1779195718,12058744,15298.378940,96.237117,6855.687514,7262.821785,events/second
1779195719,12058744,15278.974122,96.237117,6855.687514,7262.821785,events/second
1779195720,12058744,15259.612985,88.542422,6742.372966,7222.584649,events/second
1779195721,12058744,15240.298271,88.542422,6742.372966,7222.584649,events/second
1779195722,12058744,15221.039269,88.542422,6742.372966,7222.584649,events/second
1779195723,12058744,15201.824038,88.542422,6742.372966,7222.584649,events/second
1779195724,12058744,15182.658106,88.542422,6742.372966,7222.584649,events/second
1779195725,12058744,15163.539435,81.462960,6630.931343,7182.570432,events/second
1779195726,12058744,15144.466624,81.462960,6630.931343,7182.570432,events/second
1779195727,12058744,15125.441944,81.462960,6630.931343,7182.570432,events/second
1779195728,12058744,15106.467652,81.462960,6630.931343,7182.570432,events/second
1779195729,12058744,15087.538531,81.462960,6630.931343,7182.570432,events/second
1779195730,12058744,15068.662316,74.949542,6521.331688,7142.777900,events/second
1779195731,12058744,15049.829071,74.949542,6521.331688,7142.777900,events/second
1779195732,12058744,15031.042572,74.949542,6521.331688,7142.777900,events/second
1779195733,12058744,15012.304708,74.949542,6521.331688,7142.777900,events/second
1779195734,12058744,14993.611576,74.949542,6521.331688,7142.777900,events/second
1779195735,12058744,14974.968879,68.956907,6413.543556,7103.205825,events/second
1779195736,12058744,14956.367420,68.956907,6413.543556,7103.205825,events/second
1779195737,12058744,14937.811174,68.956907,6413.543556,7103.205825,events/second
1779195738,12058744,14919.311013,68.956907,6413.543556,7103.205825,events/second
1779195739,12058744,14900.850722,68.956907,6413.543556,7103.205825,events/second
1779195740,12058744,14882.432603,63.443417,6307.537005,7063.852985,events/second
1779195741,12058744,14864.060326,63.443417,6307.537005,7063.852985,events/second
1779195742,12058744,14845.733885,63.443417,6307.537005,7063.852985,events/second
1779195743,12058744,14827.448598,63.443417,6307.537005,7063.852985,events/second
1779195744,12058744,14809.206382,63.443417,6307.537005,7063.852985,events/second
1779195745,12058744,14791.020890,58.370762,6203.282589,7024.718166,events/second
1779195746,12058744,14772.871010,58.370762,6203.282589,7024.718166,events/second
1779195747,12058744,14754.769675,58.370762,6203.282589,7024.718166,events/second
1779195748,12058744,14736.716425,58.370762,6203.282589,7024.718166,events/second
1779195749,12058744,14718.698570,58.370762,6203.282589,7024.718166,events/second
1779195750,12058744,14700.731105,53.703693,6100.751346,6985.800159,events/second
1779195751,12058744,14682.809966,53.703693,6100.751346,6985.800159,events/second
1779195752,12058744,14664.929749,53.703693,6100.751346,6985.800159,events/second
1779195753,12058744,14647.092558,53.703693,6100.751346,6985.800159,events/second
1779195754,12058744,14629.296196,53.703693,6100.751346,6985.800159,events/second
1779195755,12058744,14611.540290,49.409783,5999.914796,6947.097765,events/second
1779195756,12058744,14593.835329,49.409783,5999.914796,6947.097765,events/second
1779195757,12058744,14576.171298,49.409783,5999.914796,6947.097765,events/second
1779195758,12058744,14558.545949,49.409783,5999.914796,6947.097765,events/second
1779195759,12058744,14540.967247,49.409783,5999.914796,6947.097765,events/second
1779195760,12058744,14523.429349,45.459195,5900.744927,6908.609787,events/second
1779195761,12058744,14505.935579,45.459195,5900.744927,6908.609787,events/second
1779195762,12058744,14488.479137,45.459195,5900.744927,6908.609787,events/second
1779195763,12058744,14471.069184,45.459195,5900.744927,6908.609787,events/second
1779195764,12058744,14453.703001,45.459195,5900.744927,6908.609787,events/second
1779195765,12058744,14436.373620,41.824478,5803.214192,6870.335039,events/second
1779195766,12058744,14419.092754,41.824478,5803.214192,6870.335039,events/second
1779195767,12058744,14401.847083,41.824478,5803.214192,6870.335039,events/second
1779195768,12058744,14384.640144,41.824478,5803.214192,6870.335039,events/second
1779195769,12058744,14367.478281,41.824478,5803.214192,6870.335039,events/second
1779195770,12058744,14350.352989,38.480378,5707.295498,6832.272338,events/second
1779195771,12058744,14333.272265,38.480378,5707.295498,6832.272338,events/second
1779195772,12058744,14316.236447,38.480378,5707.295498,6832.272338,events/second
1779195773,12058744,14299.236812,38.480378,5707.295498,6832.272338,events/second
1779195774,12058744,14282.284799,38.480378,5707.295498,6832.272338,events/second
1779195775,12058744,14265.357519,35.403657,5612.962201,6794.420511,events/second
1779195776,12058744,14248.476821,35.403657,5612.962201,6794.420511,events/second
1779195777,12058744,14231.633462,35.403657,5612.962201,6794.420511,events/second
1779195778,12058744,14214.834885,35.403657,5612.962201,6794.420511,events/second
1779195779,12058744,14198.079215,35.403657,5612.962201,6794.420511,events/second
1779195780,12058744,14181.356585,32.572937,5520.188096,6756.778389,events/second
1779195781,12058744,14164.679916,32.572937,5520.188096,6756.778389,events/second
1779195782,12058744,14148.040731,32.572937,5520.188096,6756.778389,events/second
1779195783,12058744,14131.379058,32.572937,5520.188096,6756.778389,events/second
1779195784,12058744,14114.804030,32.572937,5520.188096,6756.778389,events/second
1779195785,12058744,14098.275639,29.968548,5428.947412,6719.344810,events/second
1779195786,12058744,14081.794073,29.968548,5428.947412,6719.344810,events/second
1779195787,12058744,14065.345390,29.968548,5428.947412,6719.344810,events/second
1779195788,12058744,14048.935793,29.968548,5428.947412,6719.344810,events/second
1779195789,12058744,14032.564782,29.968548,5428.947412,6719.344810,events/second
1779195790,12058744,14016.229696,27.572396,5339.214804,6682.118618,events/second
1779195791,12058744,13999.936412,27.572396,5339.214804,6682.118618,events/second
1779195792,12058744,13983.681424,27.572396,5339.214804,6682.118618,events/second
1779195793,12058744,13967.467174,27.572396,5339.214804,6682.118618,events/second
1779195794,12058744,13951.275736,27.572396,5339.214804,6682.118618,events/second
1779195795,12058744,13935.117721,25.367829,5250.965346,6645.098665,events/second
1779195796,12058744,13919.007070,25.367829,5250.965346,6645.098665,events/second
1779195797,12058744,13902.936230,25.367829,5250.965346,6645.098665,events/second
1779195798,12058744,13886.906501,25.367829,5250.965346,6645.098665,events/second
1779195799,12058744,13870.909589,25.367829,5250.965346,6645.098665,events/second
1779195800,12058744,13854.951872,23.339529,5164.174523,6608.283809,events/second
1779195801,12058744,13839.027978,23.339529,5164.174523,6608.283809,events/second
1779195802,12058744,13823.140794,23.339529,5164.174523,6608.283809,events/second
1779195803,12058744,13807.293696,23.339529,5164.174523,6608.283809,events/second
1779195804,12058744,13791.483103,23.339529,5164.174523,6608.283809,events/second
1779195805,12058744,13775.701001,21.473403,5078.818225,6571.672912,events/second
1779195806,12058744,13759.962143,21.473403,5078.818225,6571.672912,events/second
1779195807,12058744,13744.252368,21.473403,5078.818225,6571.672912,events/second
1779195808,12058744,13728.584210,21.473403,5078.818225,6571.672912,events/second
1779195809,12058744,13712.956229,21.473403,5078.818225,6571.672912,events/second
1779195810,12058744,13697.355397,19.756485,4994.872744,6535.264845,events/second
1779195811,12058744,13681.791744,19.756485,4994.872744,6535.264845,events/second
1779195812,12058744,13666.266356,19.756485,4994.872744,6535.264845,events/second
1779195813,12058744,13650.777689,19.756485,4994.872744,6535.264845,events/second
1779195814,12058744,13635.319309,19.756485,4994.872744,6535.264845,events/second
1779195815,12058744,13619.899789,18.176843,4912.314759,6499.058485,events/second
1779195816,12058744,13604.509002,18.176843,4912.314759,6499.058485,events/second
1779195817,12058744,13589.154002,18.176843,4912.314759,6499.058485,events/second
1779195818,12058744,13573.837683,18.176843,4912.314759,6499.058485,events/second
1779195819,12058744,13558.553769,18.176843,4912.314759,6499.058485,events/second
1779195820,12058744,13543.304884,16.723503,4831.121338,6463.052713,events/second
1779195821,12058744,13528.085969,16.723503,4831.121338,6463.052713,events/second
1779195822,12058744,13512.908554,16.723503,4831.121338,6463.052713,events/second
1779195823,12058744,13497.766352,16.723503,4831.121338,6463.052713,events/second
1779195824,12058744,13482.652677,16.723503,4831.121338,6463.052713,events/second
1779195825,12058744,13467.570037,15.386366,4751.269926,6427.246418,events/second
1779195826,12058744,13452.524497,15.386366,4751.269926,6427.246418,events/second
1779195827,12058744,13437.514859,15.386366,4751.269926,6427.246418,events/second
1779195828,12058744,13422.540382,15.386366,4751.269926,6427.246418,events/second
1779195829,12058744,13407.593700,15.386366,4751.269926,6427.246418,events/second
1779195830,12058744,13392.680246,14.156140,4672.738341,6391.638496,events/second
1779195831,12058744,13377.791706,14.156140,4672.738341,6391.638496,events/second
1779195832,12058744,13362.942550,14.156140,4672.738341,6391.638496,events/second
1779195833,12058744,13348.128384,14.156140,4672.738341,6391.638496,events/second
1779195834,12058744,13333.351881,14.156140,4672.738341,6391.638496,events/second
1779195835,12058744,13318.602256,13.024277,4595.504770,6356.227848,events/second
1779195836,12058744,13303.890132,13.024277,4595.504770,6356.227848,events/second
1779195837,12058744,13289.211401,13.024277,4595.504770,6356.227848,events/second
1779195838,12058744,13274.562254,13.024277,4595.504770,6356.227848,events/second
1779195839,12058744,13259.942184,13.024277,4595.504770,6356.227848,events/second
1779195840,12058744,13245.358931,11.982914,4519.547757,6321.013379,events/second
1779195841,12058744,13230.806346,11.982914,4519.547757,6321.013379,events/second
1779195842,12058744,13216.286940,11.982914,4519.547757,6321.013379,events/second
1779195843,12058744,13201.800117,11.982914,4519.547757,6321.013379,events/second
1779195844,12058744,13187.342005,11.982914,4519.547757,6321.013379,events/second
1779195845,12058744,13172.914783,11.024813,4444.846203,6285.994004,events/second
1779195846,12058744,13158.517506,11.024813,4444.846203,6285.994004,events/second
1779195847,12058744,13144.154531,11.024813,4444.846203,6285.994004,events/second
1779195848,12058744,13129.820713,11.024813,4444.846203,6285.994004,events/second
1779195849,12058744,13115.522002,11.024813,4444.846203,6285.994004,events/second
1779195850,12058744,13101.252175,10.143317,4371.379357,6251.168642,events/second
1779195851,12058744,13087.014528,10.143317,4371.379357,6251.168642,events/second
1779195852,12058744,13072.807264,10.143317,4371.379357,6251.168642,events/second
1779195853,12058744,13058.631464,10.143317,4371.379357,6251.168642,events/second
1779195854,12058744,13044.484684,10.143317,4371.379357,6251.168642,events/second
1779195855,12058744,13030.369517,9.332303,4299.126812,6216.536218,events/second
1779195856,12058744,13016.285013,9.332303,4299.126812,6216.536218,events/second
1779195857,12058744,13002.230987,9.332303,4299.126812,6216.536218,events/second
1779195858,12058744,12988.208178,9.332303,4299.126812,6216.536218,events/second
1779195859,12058744,12974.213010,9.332303,4299.126812,6216.536218,events/second
1779195860,12058744,12960.249036,8.586133,4228.068496,6182.095662,events/second
1779195861,12058744,12946.317742,8.586133,4228.068496,6182.095662,events/second
1779195862,12058744,12932.413342,8.586133,4228.068496,6182.095662,events/second
1779195863,12058744,12918.539906,8.586133,4228.068496,6182.095662,events/second
1779195864,12058744,12904.699049,8.586133,4228.068496,6182.095662,events/second
1779195865,12058744,12890.880880,7.899624,4158.184670,6147.845912,events/second
1779195866,12058744,12877.096715,7.899624,4158.184670,6147.845912,events/second
1779195867,12058744,12863.340442,7.899624,4158.184670,6147.845912,events/second
1779195868,12058744,12849.616024,7.899624,4158.184670,6147.845912,events/second
1779195869,12058744,12835.919904,7.899624,4158.184670,6147.845912,events/second
1779195870,12058744,12822.248806,7.268005,4089.455923,6113.785912,events/second
1779195871,12058744,12808.601299,7.268005,4089.455923,6113.785912,events/second
1779195872,12058744,12794.993357,7.268005,4089.455923,6113.785912,events/second
1779195873,12058744,12781.410299,7.268005,4089.455923,6113.785912,events/second
1779195874,12058744,12767.860770,7.268005,4089.455923,6113.785912,events/second
1779195875,12058744,12754.337364,6.686887,4021.863162,6079.914608,events/second
1779195876,12058744,12740.841086,6.686887,4021.863162,6079.914608,events/second
1779195877,12058744,12727.374869,6.686887,4021.863162,6079.914608,events/second
1779195878,12058744,12713.941184,6.686887,4021.863162,6079.914608,events/second
1779195879,12058744,12700.529627,6.686887,4021.863162,6079.914608,events/second
1779195880,12058744,12687.138026,6.152233,3955.387611,6046.230957,events/second
1779195881,12058744,12673.783087,6.152233,3955.387611,6046.230957,events/second
1779195882,12058744,12660.462430,6.152233,3955.387611,6046.230957,events/second
1779195883,12058744,12647.171451,6.152233,3955.387611,6046.230957,events/second
1779195884,12058744,12633.902902,6.152233,3955.387611,6046.230957,events/second
1779195885,12058744,12620.665108,5.660328,3890.010804,6012.733919,events/second
1779195886,12058744,12607.452574,5.660328,3890.010804,6012.733919,events/second
1779195887,12058744,12594.262144,5.660328,3890.010804,6012.733919,events/second
1779195888,12058744,12581.106680,5.660328,3890.010804,6012.733919,events/second
1779195889,12058744,12567.975966,5.660328,3890.010804,6012.733919,events/second
1779195890,12058744,12554.872378,5.207753,3825.714581,5979.422459,events/second
1779195891,12058744,12541.797129,5.207753,3825.714581,5979.422459,events/second
1779195892,12058744,12528.751963,5.207753,3825.714581,5979.422459,events/second
1779195893,12058744,12515.725881,5.207753,3825.714581,5979.422459,events/second
1779195894,12058744,12502.730244,5.207753,3825.714581,5979.422459,events/second
1779195895,12058744,12489.765027,4.791364,3762.481081,5946.295550,events/second
1779195896,12058744,12476.821954,4.791364,3762.481081,5946.295550,events/second
1779195897,12058744,12463.905270,4.791364,3762.481081,5946.295550,events/second
1779195898,12058744,12451.018808,4.791364,3762.481081,5946.295550,events/second
1779195899,12058744,12438.159205,4.791364,3762.481081,5946.295550,events/second
1779195900,12058744,12425.326757,4.408268,3700.292739,5913.352169,events/second
1779195901,12058744,12412.517848,4.408268,3700.292739,5913.352169,events/second
1779195902,12058744,12399.735868,4.408268,3700.292739,5913.352169,events/second
1779195903,12058744,12386.983983,4.408268,3700.292739,5913.352169,events/second
1779195904,12058744,12374.254484,4.408268,3700.292739,5913.352169,events/second
1779195905,12058744,12361.551407,4.055802,3639.132279,5880.591299,events/second
1779195906,12058744,12348.877450,4.055802,3639.132279,5880.591299,events/second
1779195907,12058744,12336.229195,4.055802,3639.132279,5880.591299,events/second
1779195908,12058744,12323.603894,4.055802,3639.132279,5880.591299,events/second
1779195909,12058744,12311.003413,4.055802,3639.132279,5880.591299,events/second
1779195910,12058744,12298.432317,3.731518,3578.982713,5848.011929,events/second
1779195911,12058744,12285.885006,3.731518,3578.982713,5848.011929,events/second
1779195912,12058744,12273.359008,3.731518,3578.982713,5848.011929,events/second
1779195913,12058744,12260.862239,3.731518,3578.982713,5848.011929,events/second
1779195914,12058744,12248.391045,3.731518,3578.982713,5848.011929,events/second
1779195915,12058744,12235.947939,3.433162,3519.827332,5815.613054,events/second
1779195916,12058744,12223.526974,3.433162,3519.827332,5815.613054,events/second
1779195917,12058744,12211.134089,3.433162,3519.827332,5815.613054,events/second
1779195918,12058744,12198.762150,3.433162,3519.827332,5815.613054,events/second
1779195919,12058744,12186.416322,3.433162,3519.827332,5815.613054,events/second
1779195920,12058744,12174.095819,3.158662,3461.649704,5783.393674,events/second
1779195921,12058744,12161.801375,3.158662,3461.649704,5783.393674,events/second
1779195922,12058744,12149.530788,3.158662,3461.649704,5783.393674,events/second
1779195923,12058744,12137.287673,3.158662,3461.649704,5783.393674,events/second
1779195924,12058744,12125.067145,3.158662,3461.649704,5783.393674,events/second
1779195925,12058744,12112.866870,2.906109,3404.433667,5751.352794,events/second
1779195926,12058744,12100.696611,2.906109,3404.433667,5751.352794,events/second
1779195927,12058744,12088.547382,2.906109,3404.433667,5751.352794,events/second
1779195928,12058744,12076.425725,2.906109,3404.433667,5751.352794,events/second
1779195929,12058744,12064.326764,2.906109,3404.433667,5751.352794,events/second
1779195930,12058744,12052.253059,2.673749,3348.163328,5719.489425,events/second
1779195931,12058744,12040.199345,2.673749,3348.163328,5719.489425,events/second
1779195932,12058744,12028.176275,2.673749,3348.163328,5719.489425,events/second
1779195933,12058744,12016.176041,2.673749,3348.163328,5719.489425,events/second
1779195934,12058744,12004.201288,2.673749,3348.163328,5719.489425,events/second
1779195935,12058744,11992.199159,2.459968,3292.823055,5687.802585,events/second
1779195936,12058744,11980.263166,2.459968,3292.823055,5687.802585,events/second
1779195937,12058744,11968.354847,2.459968,3292.823055,5687.802585,events/second
1779195938,12058744,11956.476189,2.459968,3292.823055,5687.802585,events/second
1779195939,12058744,11944.615174,2.459968,3292.823055,5687.802585,events/second
1779195940,12058744,11932.776684,2.263280,3238.397478,5656.291294,events/second
1779195941,12058744,11920.962212,2.263280,3238.397478,5656.291294,events/second
1779195942,12058744,11909.175794,2.263280,3238.397478,5656.291294,events/second
1779195943,12058744,11897.411456,2.263280,3238.397478,5656.291294,events/second
1779195944,12058744,11885.664521,2.263280,3238.397478,5656.291294,events/second
1779195945,12058744,11873.942908,2.082318,3184.871475,5624.954580,events/second
1779195946,12058744,11862.245166,2.082318,3184.871475,5624.954580,events/second
1779195947,12058744,11850.575507,2.082318,3184.871475,5624.954580,events/second
1779195948,12058744,11838.925294,2.082318,3184.871475,5624.954580,events/second
1779195949,12058744,11827.295546,2.082318,3184.871475,5624.954580,events/second
1779195950,12058744,11815.689465,1.915825,3132.230180,5593.791477,events/second
1779195951,12058744,11804.106802,1.915825,3132.230180,5593.791477,events/second
1779195952,12058744,11792.549383,1.915825,3132.230180,5593.791477,events/second
1779195953,12058744,11781.013665,1.915825,3132.230180,5593.791477,events/second
1779195954,12058744,11769.498009,1.915825,3132.230180,5593.791477,events/second
1779195955,12058744,11758.005214,1.762644,3080.458969,5562.801022,events/second
1779195956,12058744,11746.534053,1.762644,3080.458969,5562.801022,events/second
1779195957,12058744,11735.088303,1.762644,3080.458969,5562.801022,events/second
1779195958,12058744,11723.666676,1.762644,3080.458969,5562.801022,events/second
1779195959,12058744,11712.263749,1.762644,3080.458969,5562.801022,events/second
1779195960,12058744,11700.881237,1.621711,3029.543461,5531.982259,events/second
1779195961,12058744,11689.521606,1.621711,3029.543461,5531.982259,events/second
1779195962,12058744,11678.183989,1.621711,3029.543461,5531.982259,events/second
1779195963,12058744,11666.870976,1.621711,3029.543461,5531.982259,events/second
1779195964,12058744,11655.577615,1.621711,3029.543461,5531.982259,events/second
1779195965,12058744,11644.308073,1.492046,2979.469512,5501.334236,events/second
1779195966,12058744,11633.059518,1.492046,2979.469512,5501.334236,events/second
1779195967,12058744,11621.834850,1.492046,2979.469512,5501.334236,events/second
1779195968,12058744,11610.627031,1.492046,2979.469512,5501.334236,events/second
1779195969,12058744,11599.445579,1.492046,2979.469512,5501.334236,events/second
1779195970,12058744,11588.286087,1.372749,2930.223212,5470.856008,events/second
1779195971,12058744,11577.139879,1.372749,2930.223212,5470.856008,events/second
1779195972,12058744,11566.018833,1.372749,2930.223212,5470.856008,events/second
1779195973,12058744,11554.919641,1.372749,2930.223212,5470.856008,events/second
1779195974,12058744,11543.844179,1.372749,2930.223212,5470.856008,events/second
1779195975,12058744,11532.789619,1.262990,2881.790882,5440.546635,events/second
1779195976,12058744,11521.755437,1.262990,2881.790882,5440.546635,events/second
1779195977,12058744,11510.744907,1.262990,2881.790882,5440.546635,events/second
1779195978,12058744,11499.751006,1.262990,2881.790882,5440.546635,events/second
1779195979,12058744,11488.778376,1.262990,2881.790882,5440.546635,events/second
1779195980,12058744,11477.830078,1.162007,2834.159069,5410.405179,events/second
1779195981,12058744,11466.905316,1.162007,2834.159069,5410.405179,events/second
1779195982,12058744,11456.000742,1.162007,2834.159069,5410.405179,events/second
1779195983,12058744,11445.114270,1.162007,2834.159069,5410.405179,events/second
1779195984,12058744,11434.245545,1.162007,2834.159069,5410.405179,events/second
1779195985,12058744,11423.396551,1.069098,2787.314540,5380.430712,events/second
1779195986,12058744,11412.569604,1.069098,2787.314540,5380.430712,events/second
1779195987,12058744,11401.762535,1.069098,2787.314540,5380.430712,events/second
1779195988,12058744,11390.978077,1.069098,2787.314540,5380.430712,events/second
1779195989,12058744,11380.213148,1.069098,2787.314540,5380.430712,events/second
1779195990,12058744,11369.468422,0.983617,2741.244283,5350.622308,events/second
1779195991,12058744,11358.744722,0.983617,2741.244283,5350.622308,events/second
1779195992,12058744,11348.040520,0.983617,2741.244283,5350.622308,events/second
1779195993,12058744,11337.356795,0.983617,2741.244283,5350.622308,events/second
1779195994,12058744,11326.694895,0.983617,2741.244283,5350.622308,events/second
1779195995,12058744,11316.050542,0.904972,2695.935500,5320.979047,events/second
1779195996,12058744,11305.429129,0.904972,2695.935500,5320.979047,events/second
1779195997,12058744,11294.824674,0.904972,2695.935500,5320.979047,events/second
1779195998,12058744,11284.237053,0.904972,2695.935500,5320.979047,events/second
1779195999,12058744,11273.673624,0.904972,2695.935500,5320.979047,events/second
1779196000,12058744,11263.131494,0.832614,2651.375606,5291.500015,events/second
1779196001,12058744,11252.603243,0.832614,2651.375606,5291.500015,events/second
1779196002,12058744,11242.097413,0.832614,2651.375606,5291.500015,events/second
1779196003,12058744,11231.615765,0.832614,2651.375606,5291.500015,events/second
1779196004,12058744,11221.148364,0.832614,2651.375606,5291.500015,events/second
1779196005,12058744,11210.702555,0.766042,2607.552221,5262.184300,events/second
1779196006,12058744,11200.277489,0.766042,2607.552221,5262.184300,events/second
1779196007,12058744,11189.868537,0.766042,2607.552221,5262.184300,events/second
1779196008,12058744,11179.481899,0.766042,2607.552221,5262.184300,events/second
1779196009,12058744,11169.109796,0.766042,2607.552221,5262.184300,events/second
1779196010,12058744,11158.758740,0.704793,2564.453174,5233.030999,events/second
1779196011,12058744,11148.428774,0.704793,2564.453174,5233.030999,events/second
1779196012,12058744,11138.117439,0.704793,2564.453174,5233.030999,events/second
1779196013,12058744,11127.824650,0.704793,2564.453174,5233.030999,events/second
1779196014,12058744,11117.554315,0.704793,2564.453174,5233.030999,events/second
1779196015,12058744,11107.297933,0.648441,2522.066491,5204.039212,events/second
1779196016,12058744,11097.061992,0.648441,2522.066491,5204.039212,events/second
1779196017,12058744,11086.845736,0.648441,2522.066491,5204.039212,events/second
1779196018,12058744,11076.646612,0.648441,2522.066491,5204.039212,events/second
1779196019,12058744,11066.468577,0.648441,2522.066491,5204.039212,events/second
