t,value
1779782266,6.7108864E7
1779782267,8.388608E7
1779782268,5.0331648E7
1779782269,5.0331648E7
1779782270,5.0331648E7
1779782271,5.0331648E7
1779782272,5.0331648E7
1779782273,5.0331648E7
1779782274,5.0331648E7
1779782275,5.0331648E7
1779782276,5.0331648E7
1779782277,5.0331648E7
1779782278,5.0331648E7
1779782279,5.0331648E7
1779782280,5.0331648E7
1779782281,5.0331648E7
1779782282,5.0331648E7
1779782283,5.0331648E7
1779782284,5.0331648E7
1779782285,5.0331648E7
1779782286,5.0331648E7
1779782287,5.0331648E7
1779782288,5.0331648E7
1779782289,5.0331648E7
1779782290,5.0331648E7
1779782291,5.0331648E7
1779782292,5.0331648E7
1779782293,5.0331648E7
1779782294,5.0331648E7
1779782295,5.0331648E7
1779782296,5.0331648E7
1779782297,5.0331648E7
1779782298,5.0331648E7
1779782299,5.0331648E7
1779782300,5.0331648E7
1779782301,5.0331648E7
1779782302,5.0331648E7
1779782303,5.0331648E7
1779782304,5.0331648E7
1779782305,5.0331648E7
1779782306,5.0331648E7
1779782307,5.0331648E7
1779782308,5.0331648E7
1779782309,5.0331648E7
1779782310,5.0331648E7
1779782311,5.0331648E7
1779782312,5.0331648E7
1779782313,5.0331648E7
1779782314,5.0331648E7
1779782315,5.0331648E7
1779782316,5.0331648E7
1779782317,5.0331648E7
1779782318,5.0331648E7
1779782319,5.0331648E7
1779782320,5.0331648E7
1779782321,5.0331648E7
1779782322,5.0331648E7
1779782323,5.0331648E7
1779782324,5.0331648E7
1779782325,5.0331648E7
1779782326,5.0331648E7
1779782328,5.0331648E7
1779782329,5.0331648E7
1779782330,5.0331648E7
1779782331,5.0331648E7
1779782332,5.0331648E7
1779782333,5.0331648E7
1779782334,5.0331648E7
1779782335,5.0331648E7
1779782336,5.0331648E7
1779782337,5.0331648E7
1779782338,5.0331648E7
1779782339,5.0331648E7
1779782340,5.0331648E7
1779782341,5.0331648E7
1779782342,5.0331648E7
1779782343,5.0331648E7
1779782344,5.0331648E7
1779782345,5.0331648E7
1779782346,5.0331648E7
1779782347,5.0331648E7
1779782348,5.0331648E7
1779782349,5.0331648E7
1779782350,5.0331648E7
1779782351,5.0331648E7
1779782352,5.0331648E7
1779782353,5.0331648E7
1779782354,5.0331648E7
1779782355,5.0331648E7
1779782356,5.0331648E7
1779782357,5.0331648E7
1779782358,5.0331648E7
1779782359,5.0331648E7
1779782360,5.0331648E7
1779782361,5.0331648E7
1779782362,5.0331648E7
1779782363,5.0331648E7
1779782364,5.0331648E7
1779782365,5.0331648E7
1779782366,5.0331648E7
1779782367,5.0331648E7
1779782368,5.0331648E7
1779782369,5.0331648E7
1779782370,5.0331648E7
1779782371,5.0331648E7
1779782372,5.0331648E7
1779782373,5.0331648E7
1779782374,5.0331648E7
1779782375,5.0331648E7
1779782376,5.0331648E7
1779782377,5.0331648E7
1779782378,5.0331648E7
1779782379,5.0331648E7
1779782380,5.0331648E7
1779782381,5.0331648E7
1779782382,5.0331648E7
1779782383,5.0331648E7
1779782384,5.0331648E7
1779782385,5.0331648E7
1779782386,5.0331648E7
1779782387,5.0331648E7
1779782388,5.0331648E7
1779782389,5.0331648E7
1779782390,5.0331648E7
1779782391,5.0331648E7
1779782392,5.0331648E7
1779782393,5.0331648E7
1779782394,5.0331648E7
1779782395,5.0331648E7
1779782396,5.0331648E7
1779782397,5.0331648E7
1779782398,5.0331648E7
1779782399,5.0331648E7
1779782400,5.0331648E7
1779782401,5.0331648E7
1779782402,5.0331648E7
1779782403,5.0331648E7
1779782404,5.0331648E7
1779782405,5.0331648E7
1779782406,5.0331648E7
1779782407,5.0331648E7
1779782408,5.0331648E7
1779782409,5.0331648E7
1779782410,5.0331648E7
1779782411,5.0331648E7
1779782412,5.0331648E7
1779782413,5.0331648E7
1779782414,5.0331648E7
1779782415,5.0331648E7
1779782416,5.0331648E7
1779782417,5.0331648E7
1779782418,5.0331648E7
1779782419,5.0331648E7
1779782420,5.0331648E7
1779782421,5.0331648E7
1779782422,5.0331648E7
1779782423,5.0331648E7
1779782424,5.0331648E7
1779782425,5.0331648E7
1779782426,5.0331648E7
1779782427,5.0331648E7
1779782428,5.0331648E7
1779782429,5.0331648E7
1779782430,5.0331648E7
1779782431,5.0331648E7
1779782432,5.0331648E7
1779782433,5.0331648E7
1779782434,5.0331648E7
1779782435,5.0331648E7
1779782436,5.0331648E7
1779782437,5.0331648E7
1779782438,5.0331648E7
1779782439,5.0331648E7
1779782440,5.0331648E7
1779782441,5.0331648E7
1779782442,5.0331648E7
1779782443,5.0331648E7
1779782444,5.0331648E7
1779782445,5.0331648E7
1779782446,5.0331648E7
1779782447,5.0331648E7
1779782448,5.0331648E7
1779782449,5.0331648E7
1779782450,5.0331648E7
1779782451,5.0331648E7
1779782452,5.0331648E7
1779782453,5.0331648E7
1779782454,5.0331648E7
1779782455,5.0331648E7
1779782456,5.0331648E7
1779782457,5.0331648E7
1779782458,5.0331648E7
1779782459,5.0331648E7
1779782460,5.0331648E7
1779782461,5.0331648E7
1779782462,5.0331648E7
1779782463,5.0331648E7
1779782464,5.0331648E7
1779782465,5.0331648E7
1779782466,5.0331648E7
1779782467,5.0331648E7
1779782468,5.0331648E7
1779782469,5.0331648E7
1779782470,5.0331648E7
1779782471,5.0331648E7
1779782472,5.0331648E7
1779782473,5.0331648E7
1779782474,5.0331648E7
1779782475,5.0331648E7
1779782476,5.0331648E7
1779782477,5.0331648E7
1779782478,5.0331648E7
1779782479,5.0331648E7
1779782480,5.0331648E7
1779782481,5.0331648E7
1779782482,5.0331648E7
1779782483,5.0331648E7
1779782484,5.0331648E7
1779782485,5.0331648E7
1779782486,5.0331648E7
1779782487,5.0331648E7
1779782488,5.0331648E7
1779782489,5.0331648E7
1779782490,5.0331648E7
1779782491,5.0331648E7
1779782492,5.0331648E7
1779782493,5.0331648E7
1779782494,5.0331648E7
1779782495,5.0331648E7
1779782496,5.0331648E7
1779782497,5.0331648E7
1779782498,5.0331648E7
1779782499,5.0331648E7
1779782500,5.0331648E7
1779782501,5.0331648E7
1779782502,5.0331648E7
1779782503,5.0331648E7
1779782504,5.0331648E7
1779782505,5.0331648E7
1779782506,5.0331648E7
1779782507,5.0331648E7
1779782508,5.0331648E7
1779782509,5.0331648E7
1779782510,5.0331648E7
1779782511,5.0331648E7
1779782512,5.0331648E7
1779782513,5.0331648E7
1779782514,5.0331648E7
1779782515,5.0331648E7
1779782516,5.0331648E7
1779782517,5.0331648E7
1779782518,5.0331648E7
1779782519,5.0331648E7
1779782520,5.0331648E7
1779782521,5.0331648E7
1779782522,5.0331648E7
1779782523,5.0331648E7
1779782524,5.0331648E7
1779782525,5.0331648E7
1779782526,5.0331648E7
1779782527,5.0331648E7
1779782528,5.0331648E7
1779782529,5.0331648E7
1779782530,5.0331648E7
1779782531,5.0331648E7
1779782532,5.0331648E7
1779782533,5.0331648E7
1779782534,5.0331648E7
1779782535,5.0331648E7
1779782536,5.0331648E7
1779782537,5.0331648E7
1779782538,5.0331648E7
1779782539,5.0331648E7
1779782540,5.0331648E7
1779782541,5.0331648E7
1779782542,5.0331648E7
1779782543,5.0331648E7
1779782544,5.0331648E7
1779782545,5.0331648E7
1779782546,5.0331648E7
1779782547,5.0331648E7
1779782548,5.0331648E7
1779782549,5.0331648E7
1779782550,5.0331648E7
1779782551,5.0331648E7
1779782552,5.0331648E7
1779782553,5.0331648E7
1779782554,5.0331648E7
1779782555,5.0331648E7
1779782556,5.0331648E7
1779782557,5.0331648E7
1779782558,5.0331648E7
1779782559,5.0331648E7
1779782560,5.0331648E7
1779782561,5.0331648E7
1779782562,5.0331648E7
1779782563,5.0331648E7
1779782564,5.0331648E7
1779782565,5.0331648E7
1779782566,5.0331648E7
1779782567,5.0331648E7
1779782568,5.0331648E7
1779782569,5.0331648E7
1779782570,5.0331648E7
1779782571,5.0331648E7
1779782572,5.0331648E7
1779782573,5.0331648E7
1779782574,5.0331648E7
1779782575,5.0331648E7
1779782576,5.0331648E7
1779782577,5.0331648E7
1779782578,5.0331648E7
1779782579,5.0331648E7
1779782580,5.0331648E7
1779782581,5.0331648E7
1779782582,5.0331648E7
1779782583,5.0331648E7
1779782584,5.0331648E7
1779782585,5.0331648E7
1779782586,5.0331648E7
1779782587,5.0331648E7
1779782588,5.0331648E7
1779782589,5.0331648E7
1779782590,5.0331648E7
1779782591,5.0331648E7
1779782592,5.0331648E7
1779782593,5.0331648E7
1779782594,5.0331648E7
1779782595,5.0331648E7
1779782596,5.0331648E7
1779782597,5.0331648E7
1779782598,5.0331648E7
1779782599,5.0331648E7
1779782600,5.0331648E7
1779782601,5.0331648E7
1779782602,5.0331648E7
1779782603,5.0331648E7
1779782604,5.0331648E7
1779782605,5.0331648E7
1779782606,5.0331648E7
1779782607,5.0331648E7
1779782608,5.0331648E7
1779782609,5.0331648E7
1779782610,5.0331648E7
1779782611,5.0331648E7
1779782612,5.0331648E7
1779782613,5.0331648E7
1779782614,5.0331648E7
1779782615,5.0331648E7
1779782616,5.0331648E7
1779782617,5.0331648E7
1779782618,5.0331648E7
1779782619,5.0331648E7
1779782620,5.0331648E7
1779782621,5.0331648E7
1779782622,5.0331648E7
1779782623,5.0331648E7
1779782624,5.0331648E7
1779782625,5.0331648E7
1779782626,5.0331648E7
1779782627,5.0331648E7
1779782628,5.0331648E7
1779782629,5.0331648E7
1779782630,5.0331648E7
1779782631,5.0331648E7
1779782632,5.0331648E7
1779782633,5.0331648E7
1779782634,5.0331648E7
1779782635,5.0331648E7
1779782636,5.0331648E7
1779782637,5.0331648E7
1779782638,5.0331648E7
1779782639,5.0331648E7
1779782640,5.0331648E7
1779782641,5.0331648E7
1779782642,5.0331648E7
1779782643,5.0331648E7
1779782644,5.0331648E7
1779782645,5.0331648E7
1779782646,5.0331648E7
1779782647,5.0331648E7
1779782648,5.0331648E7
1779782649,5.0331648E7
1779782650,5.0331648E7
1779782651,5.0331648E7
1779782652,5.0331648E7
1779782653,5.0331648E7
1779782654,5.0331648E7
1779782655,5.0331648E7
1779782656,5.0331648E7
1779782657,5.0331648E7
1779782658,5.0331648E7
1779782659,5.0331648E7
1779782660,5.0331648E7
1779782661,5.0331648E7
1779782662,5.0331648E7
1779782663,5.0331648E7
1779782664,5.0331648E7
1779782665,5.0331648E7
1779782666,5.0331648E7
1779782667,5.0331648E7
1779782668,5.0331648E7
1779782669,5.0331648E7
1779782670,5.0331648E7
1779782671,5.0331648E7
1779782672,5.0331648E7
1779782673,5.0331648E7
1779782674,5.0331648E7
1779782675,5.0331648E7
1779782676,5.0331648E7
1779782677,5.0331648E7
1779782678,5.0331648E7
1779782679,5.0331648E7
1779782680,5.0331648E7
1779782681,5.0331648E7
1779782682,5.0331648E7
1779782683,5.0331648E7
1779782684,5.0331648E7
1779782685,5.0331648E7
1779782686,5.0331648E7
1779782687,5.0331648E7
1779782688,5.0331648E7
1779782689,5.0331648E7
1779782690,5.0331648E7
1779782691,5.0331648E7
1779782692,5.0331648E7
1779782693,5.0331648E7
1779782694,5.0331648E7
1779782695,5.0331648E7
1779782696,5.0331648E7
1779782697,5.0331648E7
1779782698,5.0331648E7
1779782699,5.0331648E7
1779782700,5.0331648E7
1779782701,5.0331648E7
1779782702,5.0331648E7
1779782703,5.0331648E7
1779782704,5.0331648E7
1779782705,5.0331648E7
1779782706,5.0331648E7
1779782707,5.0331648E7
1779782708,5.0331648E7
1779782709,5.0331648E7
1779782710,5.0331648E7
1779782711,5.0331648E7
1779782712,5.0331648E7
1779782713,5.0331648E7
1779782714,5.0331648E7
1779782715,5.0331648E7
1779782716,5.0331648E7
1779782717,5.0331648E7
1779782718,5.0331648E7
1779782719,5.0331648E7
1779782720,5.0331648E7
1779782721,5.0331648E7
1779782722,5.0331648E7
1779782723,5.0331648E7
1779782724,5.0331648E7
1779782725,5.0331648E7
1779782726,5.0331648E7
1779782727,5.0331648E7
1779782728,5.0331648E7
1779782729,5.0331648E7
1779782730,5.0331648E7
1779782731,5.0331648E7
1779782732,5.0331648E7
1779782733,5.0331648E7
1779782734,5.0331648E7
1779782735,5.0331648E7
1779782736,5.0331648E7
1779782737,5.0331648E7
1779782738,5.0331648E7
1779782739,5.0331648E7
1779782740,5.0331648E7
1779782741,5.0331648E7
1779782742,5.0331648E7
1779782743,5.0331648E7
1779782744,5.0331648E7
1779782745,5.0331648E7
1779782746,5.0331648E7
1779782747,5.0331648E7
1779782748,5.0331648E7
1779782749,5.0331648E7
1779782750,5.0331648E7
1779782751,5.0331648E7
1779782752,5.0331648E7
1779782753,5.0331648E7
1779782754,5.0331648E7
1779782755,5.0331648E7
1779782756,5.0331648E7
1779782757,5.0331648E7
1779782758,5.0331648E7
1779782759,5.0331648E7
1779782760,5.0331648E7
1779782761,5.0331648E7
1779782762,5.0331648E7
1779782763,5.0331648E7
1779782764,5.0331648E7
1779782765,5.0331648E7
1779782766,5.0331648E7
1779782767,5.0331648E7
1779782768,5.0331648E7
1779782769,5.0331648E7
1779782770,5.0331648E7
1779782771,5.0331648E7
1779782772,5.0331648E7
1779782773,5.0331648E7
1779782774,5.0331648E7
1779782775,5.0331648E7
1779782776,5.0331648E7
1779782777,5.0331648E7
1779782778,5.0331648E7
1779782779,5.0331648E7
1779782780,5.0331648E7
1779782781,5.0331648E7
1779782782,5.0331648E7
1779782783,5.0331648E7
1779782784,5.0331648E7
1779782785,5.0331648E7
1779782786,5.0331648E7
1779782787,5.0331648E7
1779782788,5.0331648E7
1779782789,5.0331648E7
1779782790,5.0331648E7
1779782791,5.0331648E7
1779782792,5.0331648E7
1779782793,5.0331648E7
1779782794,5.0331648E7
1779782795,5.0331648E7
1779782796,5.0331648E7
1779782797,5.0331648E7
1779782798,5.0331648E7
1779782799,5.0331648E7
1779782800,5.0331648E7
1779782801,5.0331648E7
1779782802,5.0331648E7
1779782803,5.0331648E7
1779782804,5.0331648E7
1779782805,5.0331648E7
1779782806,5.0331648E7
1779782807,5.0331648E7
1779782808,5.0331648E7
1779782809,5.0331648E7
1779782810,5.0331648E7
1779782811,5.0331648E7
1779782812,5.0331648E7
1779782813,5.0331648E7
1779782814,5.0331648E7
1779782815,5.0331648E7
1779782816,5.0331648E7
1779782817,5.0331648E7
1779782818,5.0331648E7
1779782819,5.0331648E7
1779782820,5.0331648E7
1779782821,5.0331648E7
1779782822,5.0331648E7
1779782823,5.0331648E7
1779782824,5.0331648E7
1779782825,5.0331648E7
1779782826,5.0331648E7
1779782827,5.0331648E7
1779782828,5.0331648E7
1779782829,5.0331648E7
1779782830,5.0331648E7
1779782831,5.0331648E7
1779782832,5.0331648E7
1779782833,5.0331648E7
1779782834,5.0331648E7
1779782835,5.0331648E7
1779782836,5.0331648E7
1779782837,5.0331648E7
1779782838,5.0331648E7
1779782839,5.0331648E7
1779782840,5.0331648E7
1779782841,5.0331648E7
1779782842,5.0331648E7
1779782843,5.0331648E7
1779782844,5.0331648E7
1779782845,5.0331648E7
1779782846,5.0331648E7
1779782847,5.0331648E7
1779782848,5.0331648E7
1779782849,5.0331648E7
1779782850,5.0331648E7
1779782851,5.0331648E7
1779782852,5.0331648E7
1779782853,5.0331648E7
1779782854,5.0331648E7
1779782855,5.0331648E7
1779782856,5.0331648E7
1779782857,5.0331648E7
1779782858,5.0331648E7
1779782859,5.0331648E7
1779782860,5.0331648E7
1779782861,5.0331648E7
1779782862,5.0331648E7
1779782863,5.0331648E7
1779782864,5.0331648E7
1779782865,5.0331648E7
1779782866,5.0331648E7
1779782867,5.0331648E7
1779782868,5.0331648E7
1779782869,5.0331648E7
1779782870,5.0331648E7
1779782871,5.0331648E7
1779782872,5.0331648E7
1779782873,5.0331648E7
1779782874,5.0331648E7
1779782875,5.0331648E7
1779782876,5.0331648E7
1779782877,5.0331648E7
1779782878,5.0331648E7
1779782879,5.0331648E7
1779782880,5.0331648E7
1779782881,5.0331648E7
1779782882,5.0331648E7
1779782883,5.0331648E7
1779782884,5.0331648E7
1779782885,5.0331648E7
1779782886,5.0331648E7
1779782887,5.0331648E7
1779782888,5.0331648E7
1779782889,5.0331648E7
1779782890,5.0331648E7
1779782891,5.0331648E7
1779782892,5.0331648E7
1779782893,5.0331648E7
1779782894,5.0331648E7
1779782895,5.0331648E7
1779782896,5.0331648E7
1779782897,5.0331648E7
1779782898,5.0331648E7
1779782899,5.0331648E7
1779782900,5.0331648E7
1779782901,5.0331648E7
1779782902,5.0331648E7
1779782903,5.0331648E7
1779782904,5.0331648E7
1779782905,5.0331648E7
1779782906,5.0331648E7
1779782907,5.0331648E7
1779782908,5.0331648E7
1779782909,5.0331648E7
1779782910,5.0331648E7
1779782911,5.0331648E7
1779782912,5.0331648E7
1779782913,5.0331648E7
1779782914,5.0331648E7
1779782915,5.0331648E7
1779782916,5.0331648E7
1779782917,5.0331648E7
1779782918,5.0331648E7
1779782919,5.0331648E7
1779782920,5.0331648E7
1779782921,5.0331648E7
1779782922,5.0331648E7
1779782923,5.0331648E7
1779782924,5.0331648E7
1779782925,5.0331648E7
1779782926,5.0331648E7
1779782927,5.0331648E7
1779782928,5.0331648E7
1779782929,5.0331648E7
1779782930,5.0331648E7
1779782931,5.0331648E7
1779782932,5.0331648E7
1779782933,5.0331648E7
1779782934,5.0331648E7
1779782935,5.0331648E7
1779782936,5.0331648E7
1779782937,5.0331648E7
1779782938,5.0331648E7
1779782939,5.0331648E7
1779782940,5.0331648E7
1779782941,5.0331648E7
1779782942,5.0331648E7
1779782943,5.0331648E7
1779782944,5.0331648E7
1779782945,5.0331648E7
1779782946,5.0331648E7
1779782947,5.0331648E7
1779782948,5.0331648E7
1779782950,5.0331648E7
1779782951,5.0331648E7
1779782952,5.0331648E7
1779782953,5.0331648E7
1779782954,5.0331648E7
1779782955,5.0331648E7
1779782956,5.0331648E7
1779782957,5.0331648E7
1779782958,5.0331648E7
1779782959,5.0331648E7
1779782960,5.0331648E7
1779782961,5.0331648E7
1779782962,5.0331648E7
1779782963,5.0331648E7
1779782964,5.0331648E7
1779782965,5.0331648E7
1779782966,5.0331648E7
1779782967,5.0331648E7
1779782968,5.0331648E7
1779782969,5.0331648E7
1779782970,5.0331648E7
1779782971,5.0331648E7
1779782972,5.0331648E7
1779782973,5.0331648E7
1779782974,5.0331648E7
1779782975,5.0331648E7
1779782976,5.0331648E7
1779782977,5.0331648E7
1779782978,5.0331648E7
1779782979,5.0331648E7
1779782980,5.0331648E7
1779782981,5.0331648E7
1779782982,5.0331648E7
1779782983,5.0331648E7
1779782984,5.0331648E7
1779782985,5.0331648E7
1779782986,5.0331648E7
1779782987,5.0331648E7
1779782988,5.0331648E7
1779782989,5.0331648E7
1779782990,5.0331648E7
1779782991,5.0331648E7
1779782992,5.0331648E7
1779782993,5.0331648E7
1779782994,5.0331648E7
1779782995,5.0331648E7
1779782996,5.0331648E7
1779782997,5.0331648E7
1779782998,5.0331648E7
1779782999,5.0331648E7
1779783000,5.0331648E7
1779783001,5.0331648E7
1779783002,5.0331648E7
1779783003,5.0331648E7
1779783004,5.0331648E7
1779783005,5.0331648E7
1779783006,5.0331648E7
1779783007,5.0331648E7
1779783008,5.0331648E7
1779783009,5.0331648E7
1779783010,5.0331648E7
1779783011,5.0331648E7
1779783012,5.0331648E7
1779783013,5.0331648E7
1779783014,5.0331648E7
1779783015,5.0331648E7
1779783016,5.0331648E7
1779783017,5.0331648E7
1779783018,5.0331648E7
1779783019,5.0331648E7
1779783020,5.0331648E7
1779783021,5.0331648E7
1779783022,5.0331648E7
1779783023,5.0331648E7
1779783024,5.0331648E7
1779783025,5.0331648E7
1779783026,5.0331648E7
1779783027,5.0331648E7
1779783028,5.0331648E7
1779783029,5.0331648E7
1779783030,5.0331648E7
1779783031,5.0331648E7
1779783032,5.0331648E7
1779783033,5.0331648E7
1779783034,5.0331648E7
1779783035,5.0331648E7
1779783036,5.0331648E7
1779783037,5.0331648E7
1779783038,5.0331648E7
1779783039,5.0331648E7
1779783040,5.0331648E7
1779783041,5.0331648E7
1779783042,5.0331648E7
1779783043,5.0331648E7
1779783044,5.0331648E7
1779783045,5.0331648E7
1779783046,5.0331648E7
1779783047,5.0331648E7
1779783048,5.0331648E7
1779783049,5.0331648E7
1779783050,5.0331648E7
1779783051,5.0331648E7
1779783052,5.0331648E7
1779783053,5.0331648E7
1779783054,5.0331648E7
1779783055,5.0331648E7
1779783056,5.0331648E7
1779783057,5.0331648E7
1779783058,5.0331648E7
1779783059,5.0331648E7
1779783060,5.0331648E7
1779783061,5.0331648E7
1779783062,5.0331648E7
1779783063,5.0331648E7
1779783064,5.0331648E7
1779783065,5.0331648E7
1779783066,5.0331648E7
1779783067,5.0331648E7
1779783068,5.0331648E7
1779783069,5.0331648E7
1779783070,5.0331648E7
1779783071,5.0331648E7
1779783072,5.0331648E7
1779783073,5.0331648E7
1779783074,5.0331648E7
1779783075,5.0331648E7
1779783076,5.0331648E7
1779783077,5.0331648E7
1779783078,5.0331648E7
1779783079,5.0331648E7
1779783080,5.0331648E7
1779783081,5.0331648E7
1779783082,5.0331648E7
1779783083,5.0331648E7
1779783084,5.0331648E7
1779783085,5.0331648E7
1779783086,5.0331648E7
1779783087,5.0331648E7
1779783088,5.0331648E7
1779783089,5.0331648E7
1779783090,5.0331648E7
1779783091,5.0331648E7
1779783092,5.0331648E7
1779783093,5.0331648E7
1779783094,5.0331648E7
1779783095,5.0331648E7
1779783096,5.0331648E7
1779783097,5.0331648E7
1779783098,5.0331648E7
1779783099,5.0331648E7
1779783100,5.0331648E7
1779783101,5.0331648E7
1779783102,5.0331648E7
1779783103,5.0331648E7
1779783104,5.0331648E7
1779783105,5.0331648E7
1779783106,5.0331648E7
1779783107,5.0331648E7
1779783108,5.0331648E7
1779783109,5.0331648E7
1779783110,5.0331648E7
1779783111,5.0331648E7
1779783112,5.0331648E7
1779783113,5.0331648E7
1779783114,5.0331648E7
1779783115,5.0331648E7
1779783116,5.0331648E7
1779783117,5.0331648E7
1779783118,5.0331648E7
1779783119,5.0331648E7
1779783120,5.0331648E7
1779783121,5.0331648E7
1779783122,5.0331648E7
1779783123,5.0331648E7
1779783124,5.0331648E7
1779783125,5.0331648E7
1779783126,5.0331648E7
1779783127,5.0331648E7
1779783128,5.0331648E7
1779783129,5.0331648E7
1779783130,5.0331648E7
1779783131,5.0331648E7
1779783132,5.0331648E7
1779783133,5.0331648E7
1779783134,5.0331648E7
1779783135,5.0331648E7
1779783136,5.0331648E7
1779783137,5.0331648E7
1779783138,5.0331648E7
1779783139,5.0331648E7
1779783140,5.0331648E7
1779783141,5.0331648E7
1779783142,5.0331648E7
1779783143,5.0331648E7
1779783144,5.0331648E7
1779783145,5.0331648E7
1779783146,5.0331648E7
1779783147,5.0331648E7
1779783148,5.0331648E7
1779783149,5.0331648E7
1779783150,5.0331648E7
1779783151,5.0331648E7
1779783152,5.0331648E7
1779783153,5.0331648E7
1779783154,5.0331648E7
1779783155,5.0331648E7
1779783156,5.0331648E7
1779783157,5.0331648E7
1779783158,5.0331648E7
1779783159,5.0331648E7
1779783160,5.0331648E7
1779783161,5.0331648E7
1779783162,5.0331648E7
1779783163,5.0331648E7
1779783164,5.0331648E7
1779783165,5.0331648E7
1779783166,5.0331648E7
1779783167,5.0331648E7
1779783168,5.0331648E7
1779783169,5.0331648E7
1779783170,5.0331648E7
1779783171,5.0331648E7
1779783172,5.0331648E7
1779783173,5.0331648E7
1779783174,5.0331648E7
1779783175,5.0331648E7
1779783176,5.0331648E7
1779783177,5.0331648E7
1779783178,5.0331648E7
1779783179,5.0331648E7
1779783180,5.0331648E7
1779783181,5.0331648E7
1779783182,5.0331648E7
1779783183,5.0331648E7
1779783184,5.0331648E7
1779783185,5.0331648E7
1779783186,5.0331648E7
1779783187,5.0331648E7
1779783188,5.0331648E7
1779783189,5.0331648E7
1779783190,5.0331648E7
1779783191,5.0331648E7
1779783192,5.0331648E7
1779783193,5.0331648E7
1779783194,5.0331648E7
1779783195,5.0331648E7
1779783196,5.0331648E7
1779783197,5.0331648E7
1779783198,5.0331648E7
1779783199,5.0331648E7
1779783200,5.0331648E7
1779783201,5.0331648E7
1779783202,5.0331648E7
1779783203,5.0331648E7
1779783204,5.0331648E7
1779783205,5.0331648E7
1779783206,5.0331648E7
1779783207,5.0331648E7
1779783208,5.0331648E7
1779783209,5.0331648E7
1779783210,5.0331648E7
1779783211,5.0331648E7
