epoch_ns,event_type,detail
1778678267094552090,hvac_action,off
1778678283312285009,hvac_action,fan
1778678283864829591,hvac_action,off
1778678284374332505,hvac_action,fan
1778678285416263512,hvac_action,off
1778678285942237376,hvac_action,fan
1778678286985971617,hvac_action,off
1778678287505669357,hvac_action,fan
1778678288551070820,hvac_action,off
1778678289073603321,hvac_action,fan
1778678290120546230,hvac_action,off
1778678290640025989,hvac_action,fan
1778678291686731339,hvac_action,off
1778678292207648888,hvac_action,fan
1778678293251710984,hvac_action,off
1778678293774652212,hvac_action,fan
1778678294822181431,hvac_action,off
1778678295344465426,hvac_action,fan
1778678296390899302,hvac_action,off
1778678296912539126,hvac_action,fan
1778678297960432688,hvac_action,off
1778678298486686252,hvac_action,fan
1778678299528769170,hvac_action,off
1778678300051193656,hvac_action,fan
1778678301096833087,hvac_action,off
1778678301618014324,hvac_action,fan
1778678302666861771,hvac_action,off
1778678303188655990,hvac_action,fan
1778678304236821941,hvac_action,off
1778678304756559471,hvac_action,fan
1778678305803270688,hvac_action,off
1778678306323752202,hvac_action,fan
1778678307369831631,hvac_action,off
1778678307891304915,hvac_action,fan
1778678308938805100,hvac_action,off
1778678309463514158,hvac_action,fan
1778678310506547158,hvac_action,off
1778678311028211858,hvac_action,fan
1778678312074296843,hvac_action,off
1778678312595618342,hvac_action,fan
1778678313640909908,hvac_action,off
1778678314162323281,hvac_action,fan
1778678315215443169,hvac_action,off
1778678315733046333,hvac_action,fan
1778678316776585300,hvac_action,off
1778678317299109299,hvac_action,fan
1778678318346445316,hvac_action,off
1778678318867005685,hvac_action,fan
1778678319912060015,hvac_action,off
1778678320435643414,hvac_action,fan
1778678321482616781,hvac_action,off
1778678322005371513,hvac_action,fan
1778678323051661276,hvac_action,off
1778678323572237575,hvac_action,fan
1778678324618047744,hvac_action,off
1778678325139828515,hvac_action,fan
1778678326186318438,hvac_action,off
1778678326707583659,hvac_action,fan
1778678327754744016,hvac_action,off
1778678328279909599,hvac_action,fan
1778678329325112383,hvac_action,off
1778678329846420235,hvac_action,fan
1778678330891800837,hvac_action,off
1778678331415399661,hvac_action,fan
1778678332459584196,hvac_action,off
1778678332980397047,hvac_action,fan
1778678334025580339,hvac_action,off
1778678334550870649,hvac_action,fan
1778678335594306511,hvac_action,off
1778678336119309306,hvac_action,fan
1778678337163099936,hvac_action,off
1778678337685802587,hvac_action,fan
1778678338730858711,hvac_action,off
1778678339253190133,hvac_action,fan
1778678340298022295,hvac_action,off
1778678340820965764,hvac_action,fan
1778678341867591880,hvac_action,off
1778678342388979522,hvac_action,fan
1778678343435094358,hvac_action,off
1778678343957984428,hvac_action,fan
1778678345001515919,hvac_action,off
1778678345525534334,hvac_action,fan
1778678346568816249,hvac_action,off
1778678347094270187,hvac_action,fan
1778678348139407082,hvac_action,off
1778678348665641128,hvac_action,fan
1778678349707491453,hvac_action,off
1778678350228424315,hvac_action,fan
1778678351273156838,hvac_action,off
1778678351794069577,hvac_action,fan
1778678352837966060,hvac_action,off
1778678353360800182,hvac_action,fan
1778678354404926681,hvac_action,off
1778678354927551064,hvac_action,fan
1778678355972549866,hvac_action,off
1778678356494133178,hvac_action,fan
1778678357539556771,hvac_action,off
1778678358061020565,hvac_action,fan
1778678359106154074,hvac_action,off
1778678359629863589,hvac_action,fan
1778678360675661312,hvac_action,off
1778678361197078801,hvac_action,fan
1778678362245132962,hvac_action,off
1778678362766379042,hvac_action,fan
1778678363811839297,hvac_action,off
1778678364332948281,hvac_action,fan
1778678365378086386,hvac_action,off
1778678365900098279,hvac_action,fan
1778678366945723054,hvac_action,off
1778678367467149261,hvac_action,fan
1778678368511034034,hvac_action,off
1778678369033969133,hvac_action,fan
1778678370079637191,hvac_action,off
1778678370601878425,hvac_action,fan
1778678371646641422,hvac_action,off
1778678372167997248,hvac_action,fan
1778678373214138771,hvac_action,off
1778678373736363536,hvac_action,fan
1778678374780920988,hvac_action,off
1778678375303075068,hvac_action,fan
1778678376350043578,hvac_action,off
1778678376872213044,hvac_action,fan
1778678377915490380,hvac_action,off
1778678378435096822,hvac_action,fan
1778678379482592518,hvac_action,off
1778678380004133725,hvac_action,fan
1778678381050298313,hvac_action,off
1778678381579388380,hvac_action,fan
1778678382621457068,hvac_action,off
1778678383141479618,hvac_action,fan
1778678384185714161,hvac_action,off
1778678384707281941,hvac_action,fan
1778678385752016385,hvac_action,off
1778678386273969633,hvac_action,fan
1778678387319951898,hvac_action,off
1778678387841495666,hvac_action,fan
1778678388884265285,hvac_action,off
1778678389407402154,hvac_action,fan
1778678390451911580,hvac_action,off
1778678390974990808,hvac_action,fan
1778678392022161461,hvac_action,off
1778678392542890499,hvac_action,fan
1778678393588545021,hvac_action,off
1778678394110106814,hvac_action,fan
1778678395155644029,hvac_action,off
1778678395678537006,hvac_action,fan
1778678396721947552,hvac_action,off
1778678397243272404,hvac_action,fan
1778678398289384325,hvac_action,off
1778678398809972490,hvac_action,fan
1778678399856641790,hvac_action,off
1778678400378541985,hvac_action,fan
1778678401424837440,hvac_action,off
1778678401946297957,hvac_action,fan
1778678402991159386,hvac_action,off
1778678403511901538,hvac_action,fan
1778678404558632293,hvac_action,off
1778678405079848450,hvac_action,fan
1778678406126046505,hvac_action,off
1778678406647619502,hvac_action,fan
1778678407693249065,hvac_action,off
1778678408214418121,hvac_action,fan
1778678409259540374,hvac_action,off
1778678409783475445,hvac_action,fan
1778678410827616237,hvac_action,off
1778678411350534808,hvac_action,fan
1778678412393420957,hvac_action,off
1778678412914821120,hvac_action,fan
1778678413959828882,hvac_action,off
1778678414483539598,hvac_action,fan
1778678415531962508,hvac_action,off
1778678416055227521,hvac_action,fan
1778678417097706830,hvac_action,off
1778678417619060513,hvac_action,fan
1778678418664869683,hvac_action,off
1778678419186607030,hvac_action,fan
1778678420231403576,hvac_action,off
1778678420752122544,hvac_action,fan
1778678421800258110,hvac_action,off
1778678422321041396,hvac_action,fan
1778678423366755479,hvac_action,off
1778678423889034825,hvac_action,fan
1778678424933122242,hvac_action,off
1778678425455526043,hvac_action,fan
1778678426501576216,hvac_action,off
1778678427023039084,hvac_action,fan
1778678428067007431,hvac_action,off
1778678428589754594,hvac_action,fan
1778678429634842374,hvac_action,off
1778678430157159324,hvac_action,fan
1778678431202416357,hvac_action,off
1778678431725392201,hvac_action,fan
1778678432769739685,hvac_action,off
1778678433290702793,hvac_action,fan
1778678434335372795,hvac_action,off
1778678434857260902,hvac_action,fan
1778678435902639289,hvac_action,off
1778678436425140466,hvac_action,fan
1778678437469791847,hvac_action,off
1778678437991470233,hvac_action,fan
1778678439037218089,hvac_action,off
1778678439559688558,hvac_action,fan
1778678440604311744,hvac_action,off
1778678441126113339,hvac_action,fan
1778678442172052754,hvac_action,off
1778678442694053427,hvac_action,fan
1778678443737534249,hvac_action,off
1778678444258574558,hvac_action,fan
1778678445305140776,hvac_action,off
1778678445826283282,hvac_action,fan
1778678446871620541,hvac_action,off
1778678447392923223,hvac_action,fan
1778678448438943210,hvac_action,off
1778678448960064309,hvac_action,fan
1778678450006624913,hvac_action,off
1778678450527479563,hvac_action,fan
1778678451572441932,hvac_action,off
1778678452096736842,hvac_action,fan
1778678453140005689,hvac_action,off
1778678453660937177,hvac_action,fan
1778678454705304527,hvac_action,off
1778678455227225935,hvac_action,fan
1778678456272587729,hvac_action,off
1778678456794411493,hvac_action,fan
1778678457840466848,hvac_action,off
1778678458362738338,hvac_action,fan
1778678459405948965,hvac_action,off
1778678459927194872,hvac_action,fan
1778678460973707146,hvac_action,off
1778678461495612094,hvac_action,fan
1778678462540354212,hvac_action,off
1778678463062480843,hvac_action,fan
1778678464108307986,hvac_action,off
1778678464631298436,hvac_action,fan
1778678465674894734,hvac_action,off
1778678466196972796,hvac_action,fan
1778678467242806049,hvac_action,off
1778678467764604494,hvac_action,fan
1778678468808330718,hvac_action,off
1778678469330816566,hvac_action,fan
1778678470374397604,hvac_action,off
1778678470896937681,hvac_action,fan
1778678471940040469,hvac_action,off
1778678472461512171,hvac_action,fan
1778678473505409592,hvac_action,off
1778678474028251079,hvac_action,fan
1778678475071490772,hvac_action,off
1778678475594262067,hvac_action,fan
1778678476639359392,hvac_action,off
1778678477161408422,hvac_action,fan
1778678478205609155,hvac_action,off
1778678478727661603,hvac_action,fan
1778678479773797375,hvac_action,off
1778678480296629095,hvac_action,fan
1778678481342245540,hvac_action,off
1778678481866601744,hvac_action,fan
1778678482913071312,hvac_action,off
1778678483432266909,hvac_action,fan
1778678484476269559,hvac_action,off
1778678484997467984,hvac_action,fan
1778678486043075573,hvac_action,off
1778678486563272824,hvac_action,fan
1778678487608791067,hvac_action,off
1778678488130530471,hvac_action,fan
1778678489174529898,hvac_action,off
1778678489697177214,hvac_action,fan
1778678490742661300,hvac_action,off
1778678491264074271,hvac_action,fan
1778678492307506184,hvac_action,off
1778678492830087746,hvac_action,fan
1778678493874856539,hvac_action,off
1778678494396941921,hvac_action,fan
1778678495440838248,hvac_action,off
1778678495963488425,hvac_action,fan
1778678497009187621,hvac_action,off
1778678497529448164,hvac_action,fan
1778678498573630473,hvac_action,off
1778678499094480776,hvac_action,fan
1778678500140213916,hvac_action,off
1778678500662310069,hvac_action,fan
1778678501706874527,hvac_action,off
1778678502228933772,hvac_action,fan
1778678503273473109,hvac_action,off
1778678503795492672,hvac_action,fan
1778678504839595494,hvac_action,off
1778678505362316132,hvac_action,fan
1778678506405790706,hvac_action,off
1778678506928493540,hvac_action,fan
1778678507973391380,hvac_action,off
1778678508495441686,hvac_action,fan
1778678509540435779,hvac_action,off
1778678510061727102,hvac_action,fan
1778678511106793975,hvac_action,off
1778678511628811863,hvac_action,fan
1778678512675703031,hvac_action,off
1778678513195956526,hvac_action,fan
1778678514242172938,hvac_action,off
1778678514763949066,hvac_action,fan
1778678515807771151,hvac_action,off
1778678516329277745,hvac_action,fan
1778678517373239732,hvac_action,off
1778678517896230364,hvac_action,fan
1778678518940725671,hvac_action,off
1778678519462279573,hvac_action,fan
1778678520507516086,hvac_action,off
1778678521029287584,hvac_action,fan
1778678522073370098,hvac_action,off
1778678522595539390,hvac_action,fan
1778678523639999163,hvac_action,off
1778678524162238836,hvac_action,fan
1778678525207319201,hvac_action,off
1778678525728236969,hvac_action,fan
1778678526775478296,hvac_action,off
1778678527295666719,hvac_action,fan
1778678528340365563,hvac_action,off
1778678528862555064,hvac_action,fan
1778678529908047757,hvac_action,off
1778678530429212329,hvac_action,fan
1778678531473159342,hvac_action,off
1778678531994043424,hvac_action,fan
1778678533037875482,hvac_action,off
1778678533560102734,hvac_action,fan
1778678534607295926,hvac_action,off
1778678535125441901,hvac_action,fan
1778678536169939309,hvac_action,off
1778678536691412134,hvac_action,fan
1778678537735931458,hvac_action,off
1778678538258322628,hvac_action,fan
1778678539304157311,hvac_action,off
1778678539825102874,hvac_action,fan
1778678540869094824,hvac_action,off
1778678541390531486,hvac_action,fan
1778678542435408381,hvac_action,off
1778678542956604996,hvac_action,fan
1778678544002316150,hvac_action,off
1778678544525703721,hvac_action,fan
1778678545569690986,hvac_action,off
1778678546090576932,hvac_action,fan
1778678547135153046,hvac_action,off
1778678547657032596,hvac_action,fan
1778678548701530356,hvac_action,off
1778678549225831890,hvac_action,fan
1778678550272966217,hvac_action,off
1778678550792404262,hvac_action,fan
1778678551836394943,hvac_action,off
1778678552358732367,hvac_action,fan
1778678553402662034,hvac_action,off
1778678553924329132,hvac_action,fan
1778678554968819877,hvac_action,off
1778678555490733524,hvac_action,fan
1778678556535190038,hvac_action,off
1778678557058427614,hvac_action,fan
1778678558102184543,hvac_action,off
1778678558623304201,hvac_action,fan
1778678559669804845,hvac_action,off
1778678560191697499,hvac_action,fan
1778678561236776525,hvac_action,off
1778678561758154559,hvac_action,fan
1778678562804048123,hvac_action,off
1778678563324140186,hvac_action,fan
1778678564369180030,hvac_action,off
1778678564891102902,hvac_action,fan
1778678565934163261,hvac_action,off
1778678566458412152,hvac_action,fan
1778678567501804773,hvac_action,off
1778678568023095741,hvac_action,fan
1778678569066925945,hvac_action,off
1778678569588178365,hvac_action,fan
1778678570632701861,hvac_action,off
1778678571154039888,hvac_action,fan
1778678572200464685,hvac_action,off
1778678572721355474,hvac_action,fan
1778678573764200350,hvac_action,off
1778678574286579655,hvac_action,fan
1778678575330892379,hvac_action,off
1778678575853654799,hvac_action,fan
1778678576897178923,hvac_action,off
1778678577418181797,hvac_action,fan
1778678578463561356,hvac_action,off
1778678578984724415,hvac_action,fan
1778678580028501415,hvac_action,off
1778678580550309391,hvac_action,fan
1778678581595656308,hvac_action,off
1778678582118771740,hvac_action,fan
1778678583164832981,hvac_action,off
1778678583684745975,hvac_action,fan
1778678584728470674,hvac_action,off
1778678585250260565,hvac_action,fan
1778678586295682014,hvac_action,off
1778678586818228156,hvac_action,fan
1778678587860491676,hvac_action,off
1778678588382478018,hvac_action,fan
1778678589426904900,hvac_action,off
1778678589948768647,hvac_action,fan
1778678590993116179,hvac_action,off
1778678591513593278,hvac_action,fan
1778678592557152299,hvac_action,off
1778678593078201275,hvac_action,fan
1778678594122543148,hvac_action,off
1778678594644607024,hvac_action,fan
1778678595689170018,hvac_action,off
1778678596210450331,hvac_action,fan
1778678597254572074,hvac_action,off
1778678597777124087,hvac_action,fan
1778678598821727287,hvac_action,off
1778678599343953233,hvac_action,fan
1778678600389458421,hvac_action,off
1778678600910474761,hvac_action,fan
1778678601956853420,hvac_action,off
1778678602476751901,hvac_action,fan
1778678603519883805,hvac_action,off
1778678604042858205,hvac_action,fan
1778678605087631502,hvac_action,off
1778678605609517023,hvac_action,fan
1778678606653655203,hvac_action,off
1778678607176207751,hvac_action,fan
1778678608220283166,hvac_action,off
1778678608741992008,hvac_action,fan
1778678609786678902,hvac_action,off
1778678610308839451,hvac_action,fan
1778678611354459534,hvac_action,off
1778678611876413273,hvac_action,fan
1778678612921074360,hvac_action,off
1778678613442598364,hvac_action,fan
1778678614487419202,hvac_action,off
1778678615008513457,hvac_action,fan
1778678616054171111,hvac_action,off
1778678616577065083,hvac_action,fan
1778678617619471633,hvac_action,off
1778678618140176253,hvac_action,fan
1778678619185330040,hvac_action,off
1778678619707617625,hvac_action,fan
1778678620751113429,hvac_action,off
1778678621273483671,hvac_action,fan
1778678622318220293,hvac_action,off
1778678622840795069,hvac_action,fan
1778678623883624505,hvac_action,off
1778678624406079591,hvac_action,fan
1778678625449150134,hvac_action,off
1778678625972646858,hvac_action,fan
1778678627017545365,hvac_action,off
1778678627539974642,hvac_action,fan
1778678628583939780,hvac_action,off
1778678629105778743,hvac_action,fan
1778678630150377628,hvac_action,off
1778678630672180949,hvac_action,fan
1778678631717881250,hvac_action,off
1778678632240953962,hvac_action,fan
1778678633284069561,hvac_action,off
1778678633806222915,hvac_action,fan
1778678634849436630,hvac_action,off
1778678635371364232,hvac_action,fan
1778678636415547525,hvac_action,off
1778678636937243733,hvac_action,fan
1778678637982061742,hvac_action,off
1778678638503687323,hvac_action,fan
1778678639547699185,hvac_action,off
1778678640069974142,hvac_action,fan
1778678641114385342,hvac_action,off
1778678641636313853,hvac_action,fan
1778678642681350708,hvac_action,off
1778678643203314462,hvac_action,fan
1778678644247393590,hvac_action,off
1778678644769616184,hvac_action,fan
1778678645813200119,hvac_action,off
1778678646335419767,hvac_action,fan
1778678647380079634,hvac_action,off
1778678647905172277,hvac_action,fan
1778678648945696825,hvac_action,off
1778678649467997122,hvac_action,fan
1778678650510857345,hvac_action,off
1778678651033113188,hvac_action,fan
1778678652075744546,hvac_action,off
1778678652597686794,hvac_action,fan
1778678653643261826,hvac_action,off
1778678654163798027,hvac_action,fan
1778678655207329294,hvac_action,off
1778678655730494488,hvac_action,fan
1778678656773720147,hvac_action,off
1778678657295776770,hvac_action,fan
1778678658341095643,hvac_action,off
1778678658861895332,hvac_action,fan
1778678659909483869,hvac_action,off
1778678660427465277,hvac_action,fan
1778678661472684565,hvac_action,off
1778678661995005564,hvac_action,fan
1778678663037496818,hvac_action,off
1778678663559336560,hvac_action,fan
1778678664604705861,hvac_action,off
1778678665126637487,hvac_action,fan
1778678666170454995,hvac_action,off
1778678666692333046,hvac_action,fan
1778678667735939187,hvac_action,off
1778678668258178990,hvac_action,fan
1778678669301565469,hvac_action,off
1778678669822964303,hvac_action,fan
1778678670867106198,hvac_action,off
1778678671388975541,hvac_action,fan
1778678672433148891,hvac_action,off
1778678672954403578,hvac_action,fan
1778678673999102222,hvac_action,off
1778678674521100793,hvac_action,fan
1778678675567173318,hvac_action,off
1778678676088390665,hvac_action,fan
1778678677132306061,hvac_action,off
1778678677652874573,hvac_action,fan
1778678678697681856,hvac_action,off
1778678679221370364,hvac_action,fan
1778678680264734964,hvac_action,off
1778678680786438835,hvac_action,fan
1778678681831305455,hvac_action,off
1778678682356016040,hvac_action,fan
1778678683400513702,hvac_action,off
1778678683920087856,hvac_action,fan
1778678684961886659,hvac_action,off
1778678685484084693,hvac_action,fan
1778678686527655670,hvac_action,off
1778678687049828384,hvac_action,fan
1778678688094205568,hvac_action,off
1778678688614100952,hvac_action,fan
1778678689659243162,hvac_action,off
1778678690181390551,hvac_action,fan
1778678691225431685,hvac_action,off
1778678691748936727,hvac_action,fan
1778678692792024054,hvac_action,off
1778678693315037943,hvac_action,fan
1778678694359276275,hvac_action,off
1778678694880848993,hvac_action,fan
1778678695925669994,hvac_action,off
1778678696447260602,hvac_action,fan
1778678697491594605,hvac_action,off
1778678698012898546,hvac_action,fan
1778678699059056906,hvac_action,off
1778678699579700509,hvac_action,fan
1778678700624297542,hvac_action,off
1778678701145498125,hvac_action,fan
1778678702190984464,hvac_action,off
1778678702712281038,hvac_action,fan
1778678703757050727,hvac_action,off
1778678704278657468,hvac_action,fan
1778678705322666188,hvac_action,off
1778678705844311263,hvac_action,fan
1778678706890677853,hvac_action,off
1778678707411707456,hvac_action,fan
1778678708455610611,hvac_action,off
1778678708976466871,hvac_action,fan
1778678710021706377,hvac_action,off
1778678710542500742,hvac_action,fan
1778678711585973953,hvac_action,off
1778678712107850665,hvac_action,fan
1778678713151652362,hvac_action,off
1778678713673065331,hvac_action,fan
1778678714717119850,hvac_action,off
1778678715239713738,hvac_action,fan
1778678716283279607,hvac_action,off
1778678716805266820,hvac_action,fan
1778678717848562455,hvac_action,off
1778678718370885538,hvac_action,fan
1778678719415719893,hvac_action,off
1778678719938045481,hvac_action,fan
1778678720981844147,hvac_action,off
1778678721503319760,hvac_action,fan
1778678722547721377,hvac_action,off
1778678723069091452,hvac_action,fan
1778678724113811369,hvac_action,off
1778678724635460328,hvac_action,fan
1778678725680179913,hvac_action,off
1778678726203964919,hvac_action,fan
1778678727245993294,hvac_action,off
1778678727768108218,hvac_action,fan
1778678728811331741,hvac_action,off
1778678729334565956,hvac_action,fan
1778678730378620861,hvac_action,off
1778678730900185699,hvac_action,fan
1778678731942649813,hvac_action,off
1778678732464944463,hvac_action,fan
1778678733511718095,hvac_action,off
1778678734032405170,hvac_action,fan
1778678735077389568,hvac_action,off
1778678735598427341,hvac_action,fan
1778678736642739083,hvac_action,off
1778678737164590028,hvac_action,fan
1778678738207279929,hvac_action,off
1778678738728478407,hvac_action,fan
1778678739773980901,hvac_action,off
1778678740295519835,hvac_action,fan
1778678741339047109,hvac_action,off
1778678741860843847,hvac_action,fan
1778678742905387855,hvac_action,off
1778678743427567954,hvac_action,fan
1778678744473293545,hvac_action,off
1778678744994896234,hvac_action,fan
1778678746039083146,hvac_action,off
1778678746560087476,hvac_action,fan
1778678747604566049,hvac_action,off
1778678748126893938,hvac_action,fan
1778678749173519021,hvac_action,off
1778678749694583279,hvac_action,fan
1778678750740443873,hvac_action,off
1778678751260639416,hvac_action,fan
1778678752305780221,hvac_action,off
1778678752826883334,hvac_action,fan
1778678753871177753,hvac_action,off
1778678754392913506,hvac_action,fan
1778678755437406750,hvac_action,off
1778678755957546638,hvac_action,fan
1778678757003573707,hvac_action,off
1778678757524330092,hvac_action,fan
1778678758569215360,hvac_action,off
1778678759097963056,hvac_action,fan
1778678760134214997,hvac_action,off
1778678760657162446,hvac_action,fan
1778678761700209639,hvac_action,off
1778678762222472747,hvac_action,fan
1778678763266097543,hvac_action,off
1778678763788114596,hvac_action,fan
1778678764832160160,hvac_action,off
1778678765353977073,hvac_action,fan
1778678766397493240,hvac_action,off
1778678766920656488,hvac_action,fan
1778678767963810283,hvac_action,off
1778678768485792479,hvac_action,fan
1778678769529638606,hvac_action,off
1778678770051825146,hvac_action,fan
1778678771095994634,hvac_action,off
1778678771617564422,hvac_action,fan
1778678772662142101,hvac_action,off
1778678773183476556,hvac_action,fan
1778678774228011765,hvac_action,off
1778678774748528901,hvac_action,fan
1778678775792577156,hvac_action,off
1778678776316036203,hvac_action,fan
1778678777359038582,hvac_action,off
1778678777881144024,hvac_action,fan
1778678778925074831,hvac_action,off
1778678779445105724,hvac_action,fan
1778678780490470510,hvac_action,off
1778678781011998360,hvac_action,fan
1778678782058080055,hvac_action,off
1778678782579658147,hvac_action,fan
1778678783622614211,hvac_action,off
1778678784144763935,hvac_action,fan
1778678785188301349,hvac_action,off
1778678785710088721,hvac_action,fan
1778678786753750236,hvac_action,off
1778678787275183635,hvac_action,fan
1778678788320154273,hvac_action,off
1778678788841867199,hvac_action,fan
1778678789886487945,hvac_action,off
1778678790408118106,hvac_action,fan
1778678791452114398,hvac_action,off
1778678791974182762,hvac_action,fan
1778678793017969566,hvac_action,off
1778678793539305871,hvac_action,fan
1778678794583952205,hvac_action,off
1778678795105114417,hvac_action,fan
1778678796149989967,hvac_action,off
1778678796671933022,hvac_action,fan
1778678797715902590,hvac_action,off
1778678798237630970,hvac_action,fan
1778678799282692395,hvac_action,off
1778678799805426074,hvac_action,fan
1778678800848641410,hvac_action,off
1778678801371764964,hvac_action,fan
1778678802414567333,hvac_action,off
1778678802936342164,hvac_action,fan
1778678803979831168,hvac_action,off
1778678804502065489,hvac_action,fan
1778678805547088597,hvac_action,off
1778678806068343304,hvac_action,fan
1778678807113067166,hvac_action,off
1778678807634012244,hvac_action,fan
1778678808678691872,hvac_action,off
1778678809199715551,hvac_action,fan
1778678810244235702,hvac_action,off
1778678810766200828,hvac_action,fan
1778678811810727264,hvac_action,off
1778678812332428558,hvac_action,fan
1778678813376787586,hvac_action,off
1778678813897933674,hvac_action,fan
1778678814940503567,hvac_action,off
1778678815463763899,hvac_action,fan
1778678816507292468,hvac_action,off
1778678817030203183,hvac_action,fan
1778678818074823799,hvac_action,off
1778678818595981354,hvac_action,fan
1778678819639830078,hvac_action,off
1778678820161947188,hvac_action,fan
1778678821205609431,hvac_action,off
1778678821727799190,hvac_action,fan
1778678822772080581,hvac_action,off
1778678823294300297,hvac_action,fan
1778678824338923409,hvac_action,off
1778678824860037213,hvac_action,fan
1778678825904310195,hvac_action,off
1778678826426554094,hvac_action,fan
1778678827470558956,hvac_action,off
1778678827992931605,hvac_action,fan
1778678829037747685,hvac_action,off
1778678829558999480,hvac_action,fan
1778678830603167359,hvac_action,off
1778678831124205682,hvac_action,fan
1778678832168362015,hvac_action,off
1778678832690934452,hvac_action,fan
1778678833734166461,hvac_action,off
1778678834255546081,hvac_action,fan
1778678835300673436,hvac_action,off
1778678835822202479,hvac_action,fan
1778678836866604708,hvac_action,off
1778678837388608882,hvac_action,fan
1778678838432465533,hvac_action,off
1778678838955677618,hvac_action,fan
1778678840000267514,hvac_action,off
1778678840521127370,hvac_action,fan
1778678841565311448,hvac_action,off
1778678842088265723,hvac_action,fan
1778678843133395651,hvac_action,off
1778678843654166352,hvac_action,fan
1778678844698866436,hvac_action,off
1778678845220671008,hvac_action,fan
1778678846265463581,hvac_action,off
1778678846786420218,hvac_action,fan
1778678847830899820,hvac_action,off
1778678848353028791,hvac_action,fan
1778678849397409331,hvac_action,off
1778678849918742026,hvac_action,fan
1778678850963553832,hvac_action,off
1778678851484192181,hvac_action,fan
1778678852528871836,hvac_action,off
1778678853050773670,hvac_action,fan
1778678854094416652,hvac_action,off
1778678854616740255,hvac_action,fan
1778678855661074838,hvac_action,off
1778678856182701557,hvac_action,fan
1778678857227037092,hvac_action,off
1778678857752737890,hvac_action,fan
1778678858792549379,hvac_action,off
1778678859314323480,hvac_action,fan
1778678860357105972,hvac_action,off
1778678860878922823,hvac_action,fan
1778678861924363522,hvac_action,off
1778678862446249813,hvac_action,fan
1778678863492014911,hvac_action,off
1778678864013080222,hvac_action,fan
1778678865056564913,hvac_action,off
1778678865578007714,hvac_action,fan
1778678866622863222,hvac_action,off
1778678867144710499,hvac_action,fan
1778678868191608206,hvac_action,off
1778678868710303222,hvac_action,fan
1778678869754985164,hvac_action,off
1778678870277458223,hvac_action,fan
1778678871322084507,hvac_action,off
1778678871845436699,hvac_action,fan
1778678872888937977,hvac_action,off
1778678873409639844,hvac_action,fan
1778678874453544772,hvac_action,off
1778678874975496608,hvac_action,fan
1778678876020547874,hvac_action,off
1778678876542673755,hvac_action,fan
1778678877586382280,hvac_action,off
1778678878108119890,hvac_action,fan
1778678879151072019,hvac_action,off
1778678879674305824,hvac_action,fan
1778678880717726524,hvac_action,off
1778678881239994209,hvac_action,fan
1778678882284227598,hvac_action,off
1778678882807049935,hvac_action,fan
1778678883852134429,hvac_action,off
1778678884373109815,hvac_action,fan
1778678885416280892,hvac_action,off
1778678885938545358,hvac_action,fan
1778678886984402791,hvac_action,off
1778678887504613755,hvac_action,fan
1778678888548249199,hvac_action,off
1778678889069902146,hvac_action,fan
1778678890115145170,hvac_action,off
1778678890637484722,hvac_action,fan
1778678891680322822,hvac_action,off
1778678892202099383,hvac_action,fan
1778678893244712555,hvac_action,off
1778678893766646705,hvac_action,fan
1778678894811843233,hvac_action,off
1778678895332640716,hvac_action,fan
1778678896376553900,hvac_action,off
1778678896898528583,hvac_action,fan
1778678897943041118,hvac_action,off
1778678898462478344,hvac_action,fan
1778678899507857456,hvac_action,off
1778678900030609429,hvac_action,fan
1778678901074365301,hvac_action,off
1778678901596834266,hvac_action,fan
1778678902640477076,hvac_action,off
1778678903161547550,hvac_action,fan
1778678904206403402,hvac_action,off
1778678904728301519,hvac_action,fan
1778678905772765915,hvac_action,off
1778678906294777046,hvac_action,fan
1778678907338182995,hvac_action,off
1778678907860079996,hvac_action,fan
1778678908904387673,hvac_action,off
1778678909426063545,hvac_action,fan
1778678910470768746,hvac_action,off
1778678910992472426,hvac_action,fan
1778678912036295294,hvac_action,off
1778678912558333282,hvac_action,fan
1778678913602396414,hvac_action,off
1778678914125070238,hvac_action,fan
1778678915169019718,hvac_action,off
1778678915691078172,hvac_action,fan
1778678916735033735,hvac_action,off
1778678917256458828,hvac_action,fan
1778678918300286523,hvac_action,off
1778678918821582557,hvac_action,fan
1778678919866881411,hvac_action,off
1778678920389210234,hvac_action,fan
1778678921433060321,hvac_action,off
1778678921954150804,hvac_action,fan
1778678922997462563,hvac_action,off
1778678923520608098,hvac_action,fan
1778678924564435877,hvac_action,off
1778678925086755583,hvac_action,fan
1778678926130077111,hvac_action,off
1778678926652166989,hvac_action,fan
1778678927697089379,hvac_action,off
1778678928218636246,hvac_action,fan
1778678929264397156,hvac_action,off
1778678929785910566,hvac_action,fan
1778678930829087880,hvac_action,off
1778678931351351814,hvac_action,fan
1778678932396055374,hvac_action,off
1778678932917762205,hvac_action,fan
1778678933961890582,hvac_action,off
1778678934483827192,hvac_action,fan
1778678935527505925,hvac_action,off
1778678936049622514,hvac_action,fan
1778678937093569278,hvac_action,off
1778678937615499750,hvac_action,fan
1778678938659836419,hvac_action,off
1778678939182095122,hvac_action,fan
1778678940227348310,hvac_action,off
1778678940747846719,hvac_action,fan
1778678941792402007,hvac_action,off
1778678942314907548,hvac_action,fan
1778678943359170729,hvac_action,off
1778678943881049563,hvac_action,fan
1778678944925567708,hvac_action,off
1778678945447012926,hvac_action,fan
1778678946490045363,hvac_action,off
1778678947014708497,hvac_action,fan
1778678948058414069,hvac_action,off
1778678948579468220,hvac_action,fan
1778678949623398157,hvac_action,off
1778678950145022304,hvac_action,fan
1778678951189852126,hvac_action,off
1778678951710291474,hvac_action,fan
1778678952753328687,hvac_action,off
1778678953275260191,hvac_action,fan
1778678954319891472,hvac_action,off
1778678954841377962,hvac_action,fan
1778678955885768249,hvac_action,off
1778678956412472290,hvac_action,fan
1778678957452773831,hvac_action,off
1778678957974258113,hvac_action,fan
1778678959018995481,hvac_action,off
1778678959540809217,hvac_action,fan
1778678960584668919,hvac_action,off
1778678961106141379,hvac_action,fan
1778678962151986139,hvac_action,off
1778678962672565283,hvac_action,fan
1778678963717324194,hvac_action,off
1778678964240071235,hvac_action,fan
1778678965283707404,hvac_action,off
1778678965804955347,hvac_action,fan
1778678966849046446,hvac_action,off
1778678967371184176,hvac_action,fan
1778678968415160495,hvac_action,off
1778678968937132652,hvac_action,fan
1778678969979952433,hvac_action,off
1778678970502319569,hvac_action,fan
1778678971547555867,hvac_action,off
1778678972068762750,hvac_action,fan
1778678973113098055,hvac_action,off
1778678973635108825,hvac_action,fan
1778678974679104891,hvac_action,off
1778678975199729727,hvac_action,fan
1778678976244567233,hvac_action,off
1778678976767034095,hvac_action,fan
1778678977810457639,hvac_action,off
1778678978332183656,hvac_action,fan
1778678979377600758,hvac_action,off
1778678979898681596,hvac_action,fan
1778678980943871995,hvac_action,off
1778678981465074751,hvac_action,fan
1778678982509989642,hvac_action,off
1778678983031580431,hvac_action,fan
1778678984077067549,hvac_action,off
1778678984599050411,hvac_action,fan
1778678985642222742,hvac_action,off
1778678986164188243,hvac_action,fan
1778678987208377537,hvac_action,off
1778678987730288422,hvac_action,fan
1778678988774926729,hvac_action,off
1778678989296781160,hvac_action,fan
1778678990341335975,hvac_action,off
1778678990862043553,hvac_action,fan
1778678991908840537,hvac_action,off
1778678992430954769,hvac_action,fan
1778678993473789854,hvac_action,off
1778678993994576876,hvac_action,fan
1778678995039405204,hvac_action,off
1778678995562805071,hvac_action,fan
1778678996606634062,hvac_action,off
1778678997129310271,hvac_action,fan
1778678998172525613,hvac_action,off
1778678998694153481,hvac_action,fan
1778678999738910139,hvac_action,off
1778679000261020597,hvac_action,fan
1778679001305603194,hvac_action,off
1778679001827596410,hvac_action,fan
1778679002871142797,hvac_action,off
1778679003393485225,hvac_action,fan
1778679004438103045,hvac_action,off
1778679004959978295,hvac_action,fan
1778679006009271874,hvac_action,off
1778679006526785878,hvac_action,fan
1778679007572596748,hvac_action,off
1778679008092683130,hvac_action,fan
1778679009137143928,hvac_action,off
1778679009659979632,hvac_action,fan
1778679010703331899,hvac_action,off
1778679011224872485,hvac_action,fan
1778679012268450186,hvac_action,off
1778679012789690512,hvac_action,fan
1778679013833470795,hvac_action,off
1778679014355522056,hvac_action,fan
1778679015400181449,hvac_action,off
1778679015921494625,hvac_action,fan
1778679016965876007,hvac_action,off
1778679017488458014,hvac_action,fan
1778679018532728727,hvac_action,off
1778679019054713660,hvac_action,fan
1778679020098139830,hvac_action,off
1778679020620232451,hvac_action,fan
1778679021664225327,hvac_action,off
1778679022187309496,hvac_action,fan
1778679023229549899,hvac_action,off
1778679023751103029,hvac_action,fan
1778679024796468180,hvac_action,off
1778679025318343544,hvac_action,fan
1778679026362902533,hvac_action,off
1778679026884616705,hvac_action,fan
1778679027929144016,hvac_action,off
1778679028451236258,hvac_action,fan
1778679029495089400,hvac_action,off
1778679030016890916,hvac_action,fan
1778679031060770390,hvac_action,off
1778679031582767701,hvac_action,fan
1778679032627033749,hvac_action,off
1778679033149035612,hvac_action,fan
1778679034193483889,hvac_action,off
1778679034715836512,hvac_action,fan
1778679035759514972,hvac_action,off
1778679036281614208,hvac_action,fan
1778679037325872587,hvac_action,off
1778679037847699068,hvac_action,fan
1778679038892344999,hvac_action,off
1778679039415173612,hvac_action,fan
1778679040458349286,hvac_action,off
1778679040980727618,hvac_action,fan
1778679042023680726,hvac_action,off
1778679042547421530,hvac_action,fan
1778679043591203946,hvac_action,off
1778679044113399630,hvac_action,fan
1778679045156875612,hvac_action,off
1778679045678937500,hvac_action,fan
1778679046722440887,hvac_action,off
1778679047244457600,hvac_action,fan
1778679048289151756,hvac_action,off
1778679048811007143,hvac_action,fan
1778679049855265312,hvac_action,off
1778679050377783295,hvac_action,fan
1778679051422896330,hvac_action,off
1778679051945963880,hvac_action,fan
1778679052988546168,hvac_action,off
1778679053509448320,hvac_action,fan
1778679054553954927,hvac_action,off
1778679055076238451,hvac_action,fan
1778679056120072520,hvac_action,off
1778679056641965665,hvac_action,fan
1778679057686807747,hvac_action,off
1778679058208742126,hvac_action,fan
1778679059251917032,hvac_action,off
1778679059774089138,hvac_action,fan
1778679060818190243,hvac_action,off
1778679061339420076,hvac_action,fan
1778679062383876493,hvac_action,off
1778679062905739862,hvac_action,fan
1778679063949588997,hvac_action,off
1778679064472226620,hvac_action,fan
1778679065516242626,hvac_action,off
1778679066037929524,hvac_action,fan
1778679067084277793,hvac_action,off
1778679067605368474,hvac_action,fan
1778679068648629688,hvac_action,off
1778679069170782907,hvac_action,fan
1778679070214892257,hvac_action,off
1778679070737317560,hvac_action,fan
1778679071780416290,hvac_action,off
1778679072302685667,hvac_action,fan
1778679073345989229,hvac_action,off
1778679073867504977,hvac_action,fan
1778679074912771087,hvac_action,off
1778679075433742498,hvac_action,fan
1778679076478260422,hvac_action,off
1778679076999231722,hvac_action,fan
1778679078043726676,hvac_action,off
1778679078566469140,hvac_action,fan
1778679079610157410,hvac_action,off
1778679080131996991,hvac_action,fan
1778679081175742987,hvac_action,off
1778679081701653433,hvac_action,fan
1778679082742540898,hvac_action,off
1778679083263304569,hvac_action,fan
1778679084309659208,hvac_action,off
1778679084832180322,hvac_action,fan
1778679085875041262,hvac_action,off
1778679086397101610,hvac_action,fan
1778679087440030617,hvac_action,off
1778679087963735426,hvac_action,fan
1778679089006575705,hvac_action,off
1778679089528362191,hvac_action,fan
1778679090573102653,hvac_action,off
1778679091096275477,hvac_action,fan
1778679092139760166,hvac_action,off
1778679092661019677,hvac_action,fan
1778679093705546608,hvac_action,off
1778679094227718158,hvac_action,fan
1778679095272294177,hvac_action,off
1778679095794381601,hvac_action,fan
1778679096838787210,hvac_action,off
1778679097359602096,hvac_action,fan
1778679098402695975,hvac_action,off
1778679098924674629,hvac_action,fan
1778679099968441755,hvac_action,off
1778679100490948752,hvac_action,fan
1778679101535546833,hvac_action,off
1778679102056689011,hvac_action,fan
1778679103101333966,hvac_action,off
1778679103623258151,hvac_action,fan
1778679104669671748,hvac_action,off
1778679105189443934,hvac_action,fan
1778679106233460837,hvac_action,off
1778679106755455958,hvac_action,fan
1778679107799569380,hvac_action,off
1778679108322494498,hvac_action,fan
1778679109366060270,hvac_action,off
1778679109888255643,hvac_action,fan
1778679110932892466,hvac_action,off
1778679111454026384,hvac_action,fan
1778679112499204314,hvac_action,off
1778679113019657019,hvac_action,fan
1778679114064490187,hvac_action,off
1778679114586400435,hvac_action,fan
1778679115629765273,hvac_action,off
1778679116151856582,hvac_action,fan
1778679117197262706,hvac_action,off
1778679117720194698,hvac_action,fan
1778679118762689472,hvac_action,off
1778679119284249727,hvac_action,fan
1778679120328652963,hvac_action,off
1778679120849581923,hvac_action,fan
1778679121894156799,hvac_action,off
1778679122415272487,hvac_action,fan
1778679123459841888,hvac_action,off
1778679123981887862,hvac_action,fan
1778679125025646542,hvac_action,off
1778679125547141377,hvac_action,fan
1778679126591210917,hvac_action,off
1778679127114891571,hvac_action,fan
1778679128158491013,hvac_action,off
1778679128679633348,hvac_action,fan
1778679129724401454,hvac_action,off
1778679130246847289,hvac_action,fan
1778679131290101598,hvac_action,off
1778679131811162395,hvac_action,fan
1778679132854857604,hvac_action,off
1778679133376504689,hvac_action,fan
1778679134420726810,hvac_action,off
1778679134943151212,hvac_action,fan
1778679135986704915,hvac_action,off
1778679136508297676,hvac_action,fan
1778679137552156149,hvac_action,off
1778679138074108055,hvac_action,fan
1778679139117832089,hvac_action,off
1778679139640249361,hvac_action,fan
1778679140684943635,hvac_action,off
1778679141206552624,hvac_action,fan
1778679142250650330,hvac_action,off
1778679142771364220,hvac_action,fan
1778679143816313572,hvac_action,off
1778679144338283863,hvac_action,fan
1778679145382267454,hvac_action,off
1778679145903092604,hvac_action,fan
1778679146947601715,hvac_action,off
1778679147470445790,hvac_action,fan
1778679148513711462,hvac_action,off
1778679149036385682,hvac_action,fan
1778679150080088819,hvac_action,off
1778679150602122165,hvac_action,fan
1778679151645928377,hvac_action,off
1778679152168611965,hvac_action,fan
1778679153212556252,hvac_action,off
1778679153734731430,hvac_action,fan
1778679154778820170,hvac_action,off
1778679155300255067,hvac_action,fan
1778679156344328420,hvac_action,off
1778679156867010893,hvac_action,fan
1778679157910708408,hvac_action,off
1778679158432358239,hvac_action,fan
1778679159477935280,hvac_action,off
1778679159999822611,hvac_action,fan
1778679161043123099,hvac_action,off
1778679161564892898,hvac_action,fan
1778679162609666271,hvac_action,off
1778679163131014825,hvac_action,fan
1778679164176638053,hvac_action,off
1778679164698697977,hvac_action,fan
1778679165742023592,hvac_action,off
1778679166263698254,hvac_action,fan
1778679167307629021,hvac_action,off
1778679167830497853,hvac_action,fan
1778679168874565071,hvac_action,off
1778679169395924981,hvac_action,fan
1778679170439940260,hvac_action,off
1778679170962237818,hvac_action,fan
1778679172008060271,hvac_action,off
1778679172528228725,hvac_action,fan
1778679173572670663,hvac_action,off
1778679174094200112,hvac_action,fan
1778679175138421776,hvac_action,off
1778679175660038834,hvac_action,fan
1778679176704248492,hvac_action,off
1778679177226290965,hvac_action,fan
1778679178270227459,hvac_action,off
1778679178792159657,hvac_action,fan
1778679179836106391,hvac_action,off
1778679180358004518,hvac_action,fan
1778679181402087624,hvac_action,off
1778679181924347878,hvac_action,fan
